episode,avg_reward,avg_q_total,avg_loss,agent_0_q_indiv,agent_0_loss,agent_1_q_indiv,agent_1_loss,agent_2_q_indiv,agent_2_loss
63,-0.17153814435005188,-0.7836376428604126,2.0593509674072266,-0.04377128928899765,0.001658377586863935,-0.03082359954714775,0.0010150180896744132,0.031227577477693558,0.004587127827107906
64,-0.16097486019134521,-0.77960205078125,2.2546374797821045,-0.050004828721284866,0.0004657842218875885,-0.057128001004457474,0.0014964237343519926,0.030265161767601967,0.007493878714740276
65,-0.14940989017486572,-0.7924968600273132,1.6152288913726807,-0.05142750218510628,0.0003811708593275398,-0.08016527444124222,0.0030872668139636517,0.02986060455441475,0.009307792410254478
66,-0.1253986805677414,-0.7845618724822998,1.5232945680618286,-0.05336868762969971,0.0006889132782816887,-0.10467970371246338,0.004866621922701597,0.03541688993573189,0.007202341221272945
67,-0.21994955837726593,-0.6775445938110352,2.648864984512329,-0.052214931696653366,0.0013018929166719317,-0.11465611308813095,0.005365084391087294,0.04150616377592087,0.006594828329980373
68,-0.10421011596918106,-0.7126463055610657,1.1431641578674316,-0.045989029109478,0.0026544996071606874,-0.14744479954242706,0.007902095094323158,0.049042776226997375,0.0043325587175786495
69,-0.21581485867500305,-0.6461795568466187,1.811020016670227,-0.048181500285863876,0.003633358282968402,-0.16437102854251862,0.007953915745019913,0.058618150651454926,0.004573805723339319
70,-0.15887543559074402,-0.6277704238891602,1.4688994884490967,-0.03911231830716133,0.005560522899031639,-0.19221775233745575,0.00938732735812664,0.0602542981505394,0.004883090034127235
71,-0.166391983628273,-0.6209231019020081,1.9263405799865723,-0.04572729021310806,0.007193480618298054,-0.21756093204021454,0.010476458817720413,0.05939510464668274,0.006129313260316849
72,-0.17316487431526184,-0.6128321886062622,1.2682781219482422,-0.046696316450834274,0.008613464422523975,-0.2434757649898529,0.013113677501678467,0.06334216892719269,0.00605997908860445
73,-0.16190175712108612,-0.604480504989624,1.4810093641281128,-0.04774557426571846,0.00891570933163166,-0.26343855261802673,0.01328522153198719,0.06959551572799683,0.006415460258722305
74,-0.19685831665992737,-0.6153401136398315,1.725885033607483,-0.06463944911956787,0.009643008932471275,-0.28769993782043457,0.015402330085635185,0.07058016955852509,0.008751015178859234
75,-0.2021765261888504,-0.6227461695671082,2.0514042377471924,-0.07257996499538422,0.00865609385073185,-0.3072246313095093,0.016627714037895203,0.06808806955814362,0.011298829689621925
76,-0.13473424315452576,-0.6003778576850891,1.0851882696151733,-0.06883849203586578,0.007772567216306925,-0.3376822769641876,0.021351110190153122,0.07578480988740921,0.010676051490008831
77,-0.20768387615680695,-0.6507776975631714,1.9047820568084717,-0.09590500593185425,0.007975531741976738,-0.36672189831733704,0.025232264772057533,0.07600679248571396,0.013316686265170574
78,-0.181385800242424,-0.647259533405304,1.3438434600830078,-0.09505800902843475,0.006481931544840336,-0.3786696493625641,0.026822512969374657,0.08258732408285141,0.014639991335570812
79,-0.26246732473373413,-0.7134537696838379,2.436345100402832,-0.11890573799610138,0.0068495930172502995,-0.41881266236305237,0.033463004976511,0.0741589218378067,0.021350447088479996
80,-0.13848251104354858,-0.6828209757804871,1.320064902305603,-0.11542880535125732,0.0061018499545753,-0.4425589144229889,0.03841809555888176,0.07390598952770233,0.02041536197066307
81,-0.14216825366020203,-0.7373229265213013,1.0143550634384155,-0.13346397876739502,0.00631655752658844,-0.4615965485572815,0.04253692552447319,0.069766104221344,0.020113630220294
82,-0.19457603991031647,-0.7903943061828613,1.5049479007720947,-0.15445800125598907,0.006571742706000805,-0.49171358346939087,0.0511556975543499,0.06600911170244217,0.023332027718424797
83,-0.1516837626695633,-0.7399190664291382,1.2103271484375,-0.15261849761009216,0.006555128842592239,-0.49853840470314026,0.05199793726205826,0.06774883717298508,0.021499229595065117
84,-0.1693217158317566,-0.7707558870315552,1.5295330286026,-0.1622477024793625,0.0064460099674761295,-0.5034834742546082,0.05317234992980957,0.07095330953598022,0.01957159861922264
85,-0.23054757714271545,-0.8389948606491089,2.065220594406128,-0.18159635365009308,0.007276806980371475,-0.5339484810829163,0.06162850931286812,0.06855335086584091,0.02093590423464775
86,-0.17580442130565643,-0.7968187928199768,1.619100570678711,-0.17433962225914001,0.007068178616464138,-0.5444719791412354,0.06501127034425735,0.08033795654773712,0.014458863064646721
87,-0.17451539635658264,-0.8067344427108765,1.4997352361679077,-0.18339374661445618,0.007133276667445898,-0.5637542009353638,0.07173874229192734,0.08024349063634872,0.012995454482734203
88,-0.11975164711475372,-0.7806442379951477,1.0603301525115967,-0.18769755959510803,0.006876212544739246,-0.5693950653076172,0.07311106473207474,0.0788700133562088,0.010022075846791267
89,-0.20185008645057678,-0.9279029965400696,1.5636717081069946,-0.21068429946899414,0.008660482242703438,-0.5820938348770142,0.07988561689853668,0.058820247650146484,0.017435837537050247
90,-0.17300821840763092,-0.936259388923645,1.6614997386932373,-0.22343671321868896,0.009410440921783447,-0.6027692556381226,0.08724556118249893,0.06698868423700333,0.012647317722439766
91,-0.19146011769771576,-1.0020724534988403,1.356956958770752,-0.23931166529655457,0.010914483107626438,-0.6117285490036011,0.09116347134113312,0.04818146675825119,0.018136536702513695
92,-0.15104956924915314,-0.9841087460517883,1.436786413192749,-0.23593035340309143,0.01017182320356369,-0.6187416911125183,0.09519043564796448,0.04805716499686241,0.01687966287136078
93,-0.12720097601413727,-1.0119938850402832,1.143568515777588,-0.23698420822620392,0.009789216332137585,-0.6100867390632629,0.09390637278556824,0.045617155730724335,0.013041490688920021
94,-0.24530859291553497,-1.1662213802337646,1.6958938837051392,-0.2568110525608063,0.016640840098261833,-0.6367346048355103,0.11692601442337036,0.030419057235121727,0.023285962641239166
95,-0.15622590482234955,-1.0792303085327148,1.2733691930770874,-0.23812946677207947,0.01282309740781784,-0.608086109161377,0.10233287513256073,0.03590421751141548,0.018793674185872078
96,-0.1933518350124359,-1.1427572965621948,1.4142733812332153,-0.2593045234680176,0.021055102348327637,-0.6122267842292786,0.11052322387695312,0.038901884108781815,0.02155495621263981
97,-0.17618660628795624,-1.1211491823196411,1.4777659177780151,-0.25559890270233154,0.022800132632255554,-0.5961781740188599,0.106253482401371,0.04018976166844368,0.02427438274025917
98,-0.19968052208423615,-1.1270347833633423,1.3561986684799194,-0.24730758368968964,0.02321700006723404,-0.5956871509552002,0.11177530139684677,0.04111017659306526,0.030585220083594322
99,-0.1943371742963791,-1.0555517673492432,1.3399995565414429,-0.23333266377449036,0.024358123540878296,-0.5781930685043335,0.10569305717945099,0.030950987711548805,0.0467495322227478
100,-0.08541445434093475,-0.8642099499702454,0.8671552538871765,-0.21073217689990997,0.024309789761900902,-0.55206298828125,0.09420698881149292,0.08502215147018433,0.020508941262960434
101,-0.11264661699533463,-0.7738100290298462,0.8954764604568481,-0.1901867538690567,0.025521308183670044,-0.5253603458404541,0.08905936777591705,0.09245171397924423,0.03061581216752529
102,-0.16045334935188293,-0.7136338949203491,1.180517554283142,-0.15805082023143768,0.028505820780992508,-0.5365747213363647,0.11107388883829117,0.11850597709417343,0.03384141996502876
103,-0.1364847719669342,-0.5823408961296082,1.0333399772644043,-0.13408035039901733,0.03216072916984558,-0.4892607629299164,0.093941330909729,0.15277627110481262,0.02871846593916416
104,-0.07389233261346817,-0.32590973377227783,0.6859802603721619,-0.08992664515972137,0.024654336273670197,-0.4535747468471527,0.08003759384155273,0.18768200278282166,0.02160700038075447
105,-0.09718465805053711,-0.1493837982416153,0.7226375937461853,-0.0690903514623642,0.028186911717057228,-0.43382948637008667,0.07786978781223297,0.2194710671901703,0.026838883757591248
106,-0.059122443199157715,0.023605842143297195,0.732467770576477,-0.03351063281297684,0.029452607035636902,-0.40848374366760254,0.0744965672492981,0.2646951377391815,0.020626937970519066
107,-0.11926790326833725,0.17145639657974243,0.8004921674728394,-0.0004985075211152434,0.034052927047014236,-0.3972598910331726,0.0845775455236435,0.292427122592926,0.035027019679546356
108,-0.10056301206350327,0.4747437834739685,0.9220864176750183,0.052143312990665436,0.031436365097761154,-0.3589783012866974,0.07631389051675797,0.34893471002578735,0.027294572442770004
109,-0.11048450320959091,0.6971831321716309,0.8148432970046997,0.10424236953258514,0.02862834371626377,-0.3093494772911072,0.06895112246274948,0.39725857973098755,0.0279711727052927
110,-0.11887214332818985,0.8982257843017578,1.0238224267959595,0.12459027767181396,0.03356320783495903,-0.29556429386138916,0.06698743999004364,0.4410368502140045,0.026290278881788254
111,-0.24081404507160187,0.9721555709838867,1.4935352802276611,0.1540883630514145,0.04738200455904007,-0.29999640583992004,0.0899382010102272,0.4706175923347473,0.04866565391421318
112,-0.15788432955741882,1.303694725036621,0.9393615126609802,0.1899110972881317,0.037289418280124664,-0.2740628123283386,0.07536599785089493,0.535608172416687,0.029055321589112282
113,-0.10229091346263885,1.6136283874511719,0.8981278538703918,0.23661068081855774,0.026248419657349586,-0.23358695209026337,0.059420906007289886,0.5888220071792603,0.022219035774469376
114,-0.15948311984539032,1.727262258529663,0.9430742263793945,0.2507449984550476,0.03238146752119064,-0.2391708791255951,0.07373520731925964,0.6283508539199829,0.02802622877061367
115,-0.13661465048789978,1.9709665775299072,1.1897472143173218,0.29902106523513794,0.02397494576871395,-0.2013450562953949,0.06499134004116058,0.6748300194740295,0.025406058877706528
116,-0.16379238665103912,2.0904712677001953,1.0618706941604614,0.3101500868797302,0.032563529908657074,-0.15634575486183167,0.05486949533224106,0.7099515199661255,0.030957918614149094
117,-0.06390994787216187,2.4007701873779297,0.6611460447311401,0.3561367690563202,0.01589229516685009,-0.13027623295783997,0.03759054094552994,0.7583016753196716,0.014780673198401928
118,-0.12316446006298065,2.5038578510284424,0.8119844198226929,0.38135823607444763,0.01723053678870201,-0.13051435351371765,0.04554810747504234,0.779234766960144,0.023239701986312866
119,-0.1151881217956543,2.617016077041626,0.7952649593353271,0.4075651168823242,0.016148123890161514,-0.11012794822454453,0.04367074370384216,0.8153265118598938,0.018900370225310326
120,-0.11663023382425308,2.70682430267334,1.0179879665374756,0.424609512090683,0.015581036917865276,-0.09759552776813507,0.041115980595350266,0.8304592967033386,0.02013538032770157
121,-0.12583008408546448,2.799299716949463,0.7916805744171143,0.436657577753067,0.016864554956555367,-0.07844413071870804,0.037282560020685196,0.8462837934494019,0.022829927504062653
122,-0.110831119120121,2.822310209274292,0.8945097327232361,0.44270142912864685,0.019294071942567825,-0.06269272416830063,0.03035874292254448,0.8475476503372192,0.01908145844936371
123,-0.12854428589344025,2.843930721282959,0.7812547087669373,0.4593419134616852,0.016545720398426056,-0.07540102303028107,0.036752574145793915,0.8488863110542297,0.021498162299394608
124,-0.1274528205394745,2.8645548820495605,0.9122354984283447,0.4646264910697937,0.01934506744146347,-0.04650909826159477,0.03184477239847183,0.8502017855644226,0.022303063422441483
125,-0.08023441582918167,2.877328634262085,0.5772292613983154,0.4823346734046936,0.011811679229140282,-0.04926230385899544,0.02512717805802822,0.8314765691757202,0.018227199092507362
126,-0.0871841236948967,2.84233021736145,0.4462522566318512,0.48078006505966187,0.014355234801769257,-0.03602062910795212,0.020894719287753105,0.825823962688446,0.016749180853366852
127,-0.10349731147289276,2.7531509399414062,0.6338776350021362,0.46534648537635803,0.02165909856557846,-0.039171893149614334,0.024266693741083145,0.8027049899101257,0.024070966988801956
128,-0.11815962940454483,2.736711025238037,0.6020804643630981,0.4776179790496826,0.020431814715266228,-0.019659655168652534,0.023139404132962227,0.788237988948822,0.023599255830049515
129,-0.1353496015071869,2.6287128925323486,0.769424557685852,0.4620271325111389,0.022716816514730453,-0.032886017113924026,0.023676622658967972,0.7575417757034302,0.02758496068418026
130,-0.13856248557567596,2.5466420650482178,0.7140477299690247,0.46316424012184143,0.019967472180724144,-0.021153094246983528,0.02005244977772236,0.7221550941467285,0.033906761556863785
131,-0.06991945952177048,2.5068516731262207,0.47394901514053345,0.44704046845436096,0.016477447003126144,-0.015603494830429554,0.013425287790596485,0.7114096283912659,0.01673920825123787
132,-0.10393334925174713,2.3847930431365967,0.4399358928203583,0.43878084421157837,0.01573997549712658,-0.02591964602470398,0.016586609184741974,0.6748698353767395,0.024802636355161667
133,-0.11529536545276642,2.2614593505859375,0.562008798122406,0.4212748408317566,0.01946214959025383,-0.027887439355254173,0.017814835533499718,0.6460070610046387,0.022631581872701645
134,-0.07513473927974701,2.159151077270508,0.32415884733200073,0.3956153392791748,0.016146525740623474,-0.0355428047478199,0.011265073902904987,0.6187981963157654,0.016770372167229652
135,-0.10753707587718964,2.0343708992004395,0.6108200550079346,0.3803890645503998,0.02045457437634468,-0.04023778438568115,0.013201909139752388,0.5870428681373596,0.02383219264447689
136,-0.21572406589984894,1.8382724523544312,1.263468623161316,0.34522178769111633,0.031988032162189484,-0.05687851458787918,0.026558151468634605,0.5496031641960144,0.038745682686567307
137,-0.1355379968881607,1.755750060081482,0.7472735643386841,0.3278612792491913,0.023221885785460472,-0.05564882606267929,0.016101911664009094,0.5183757543563843,0.02859053574502468
138,-0.10916640609502792,1.6337082386016846,0.6901664137840271,0.3026009202003479,0.023526329547166824,-0.06414498388767242,0.015002386644482613,0.5003145933151245,0.018695635721087456
139,-0.0543748140335083,1.5135364532470703,0.5043660402297974,0.29130297899246216,0.017972659319639206,-0.07147720456123352,0.0107515137642622,0.4630993902683258,0.017723266035318375
140,-0.08808343857526779,1.3846161365509033,0.5687339901924133,0.2674025297164917,0.019919639453291893,-0.08315964043140411,0.01271367259323597,0.4340028166770935,0.023833787068724632
141,-0.09022832661867142,1.2828855514526367,0.47325649857521057,0.24210353195667267,0.01990107074379921,-0.09272588789463043,0.010562638752162457,0.4088672697544098,0.021148715168237686
142,-0.110855832695961,1.154764175415039,0.5101744532585144,0.2181960642337799,0.021986881271004677,-0.12127353996038437,0.013358892872929573,0.37689337134361267,0.02596709504723549
143,-0.08698983490467072,1.0627415180206299,0.3981877863407135,0.19939394295215607,0.01909232698380947,-0.11757602542638779,0.00975925661623478,0.3554796874523163,0.0262024886906147
144,-0.11323791742324829,0.9420455694198608,0.5771608948707581,0.18328501284122467,0.02013060823082924,-0.13432097434997559,0.01596316136419773,0.33681946992874146,0.028361881151795387
145,-0.0590483732521534,0.8777543902397156,0.32488542795181274,0.16231778264045715,0.019355472177267075,-0.13573719561100006,0.011342117562890053,0.32248353958129883,0.01803867146372795
146,-0.11573102325201035,0.7653918266296387,0.4456062614917755,0.154433935880661,0.021638119593262672,-0.14394031465053558,0.014037731103599072,0.2946810722351074,0.031167570501565933
147,-0.11839072406291962,0.6744731664657593,0.7062298059463501,0.12785178422927856,0.02524072490632534,-0.15263405442237854,0.013379737734794617,0.2818484604358673,0.03226234018802643
148,-0.10457068681716919,0.5934104323387146,0.6956905126571655,0.11271722614765167,0.022939274087548256,-0.1621440351009369,0.01380869746208191,0.26452094316482544,0.027069276198744774
149,-0.05480078607797623,0.535359263420105,0.4562852680683136,0.11671225726604462,0.01761036366224289,-0.14734530448913574,0.009396610781550407,0.25190234184265137,0.027134394273161888
150,-0.15482749044895172,0.41935986280441284,0.8691351413726807,0.09806883335113525,0.023856382817029953,-0.17420929670333862,0.01986813172698021,0.23603478074073792,0.035886865109205246
151,-0.11265094578266144,0.37856951355934143,0.6953461766242981,0.08852989971637726,0.020187154412269592,-0.17196977138519287,0.015452170744538307,0.2240825891494751,0.030833715572953224
152,-0.0800129622220993,0.3182559013366699,0.43315017223358154,0.07107602059841156,0.019187284633517265,-0.1798270344734192,0.012533141300082207,0.20873136818408966,0.025177141651511192
153,-0.05876237154006958,0.2512257695198059,0.4489158093929291,0.06398240476846695,0.01747448742389679,-0.17976588010787964,0.01284058392047882,0.20778946578502655,0.021035905927419662
154,-0.1500653773546219,0.15035027265548706,0.7743342518806458,0.04914533346891403,0.026407087221741676,-0.19301317632198334,0.018131811171770096,0.18054036796092987,0.04320698231458664
155,-0.0800953358411789,0.15207219123840332,0.42356741428375244,0.040761083364486694,0.017753321677446365,-0.20154578983783722,0.012579907663166523,0.1692849099636078,0.02655870094895363
156,-0.052183061838150024,0.07301820814609528,0.3549463152885437,0.03189379349350929,0.014751957729458809,-0.2188832312822342,0.014007757417857647,0.15557709336280823,0.02528112754225731
157,-0.0750310868024826,0.02480013109743595,0.6225202083587646,0.025674957782030106,0.019349325448274612,-0.21435615420341492,0.01657530851662159,0.15103018283843994,0.027112584561109543
158,-0.11523501574993134,-0.013070049695670605,0.5980669260025024,0.025522315874695778,0.020422667264938354,-0.21581348776817322,0.018151497468352318,0.14445513486862183,0.030917739495635033
159,-0.07605224847793579,-0.061530858278274536,0.49031782150268555,0.012408311478793621,0.01744336448609829,-0.23077194392681122,0.016982916742563248,0.13191261887550354,0.028285697102546692
160,-0.05304960161447525,-0.06018667668104172,0.2896500527858734,0.018759869039058685,0.013826698064804077,-0.2263433039188385,0.015683481469750404,0.13787759840488434,0.019289134070277214
161,-0.0935482382774353,-0.10312779247760773,0.4112628996372223,0.011726214550435543,0.017484739422798157,-0.21556301414966583,0.016449322924017906,0.1269858181476593,0.028121044859290123
162,-0.09949640929698944,-0.13335372507572174,0.4781288504600525,0.020807376131415367,0.016799921169877052,-0.22490057349205017,0.01962226815521717,0.12244509160518646,0.03237658739089966
163,-0.09138554334640503,-0.16031746566295624,0.6244649291038513,-0.004853057209402323,0.021007975563406944,-0.2471797913312912,0.021223273128271103,0.10720410197973251,0.035745251923799515
164,-0.0826287716627121,-0.1762673407793045,0.49558180570602417,-0.006594271864742041,0.023455461487174034,-0.23599067330360413,0.01752953603863716,0.10890607535839081,0.029775356873869896
165,-0.06381821632385254,-0.16664476692676544,0.3927116096019745,0.00711536779999733,0.016667665913701057,-0.23388738930225372,0.019864331930875778,0.11546473205089569,0.02762320078909397
166,-0.16122949123382568,-0.2441481053829193,0.8505991101264954,-0.015126338228583336,0.03117443062365055,-0.25450024008750916,0.02739977464079857,0.08822603523731232,0.0555642768740654
167,-0.050893038511276245,-0.17924731969833374,0.27020615339279175,-0.009229173883795738,0.01930442824959755,-0.2506956458091736,0.016735965386033058,0.09841625392436981,0.024458972737193108
168,-0.07106856256723404,-0.1875508576631546,0.391988068819046,-0.0053221238777041435,0.01976221427321434,-0.25828275084495544,0.020934049040079117,0.10696864128112793,0.023676246404647827
169,-0.08464713394641876,-0.22780752182006836,0.500645637512207,-0.011877486482262611,0.027710575610399246,-0.25402364134788513,0.023795461282134056,0.10685797780752182,0.03346177935600281
170,-0.10769341140985489,-0.20077700912952423,0.5177240371704102,-0.0012116506695747375,0.025833815336227417,-0.2409619837999344,0.02323742024600506,0.10135973989963531,0.04157526046037674
171,-0.11397142708301544,-0.19933466613292694,0.6984716653823853,-0.0011877177748829126,0.027932370081543922,-0.2438284158706665,0.026001637801527977,0.09705189615488052,0.044064998626708984
172,-0.043135471642017365,-0.142698734998703,0.28932690620422363,0.003930297680199146,0.01884595677256584,-0.24494722485542297,0.022353343665599823,0.10976908355951309,0.026666870340704918
173,-0.10561448335647583,-0.1707853525876999,0.4588957130908966,0.0028113084845244884,0.02794848382472992,-0.25251835584640503,0.02880275808274746,0.10686448961496353,0.035322558134794235
174,-0.0694732517004013,-0.11454018205404282,0.4609208405017853,0.009656069800257683,0.023104676976799965,-0.24042825400829315,0.02344007045030594,0.1129021868109703,0.036306243389844894
175,-0.08229319006204605,-0.11940453201532364,0.5260711312294006,0.010846303775906563,0.028066832572221756,-0.2346164882183075,0.026656189933419228,0.12221632152795792,0.03443600982427597
176,-0.07600034773349762,-0.09553100168704987,0.4117092788219452,0.013322790153324604,0.026532594114542007,-0.2350279986858368,0.02916683256626129,0.12588191032409668,0.03179015964269638
177,-0.03545879200100899,-0.03264835849404335,0.2855842411518097,0.01466204784810543,0.02563738264143467,-0.2378864288330078,0.025929531082510948,0.13029006123542786,0.027549099177122116
178,-0.12117074429988861,-0.07950027287006378,0.7228314280509949,0.014691144227981567,0.0350433886051178,-0.22146598994731903,0.03342451900243759,0.12167777866125107,0.04865699261426926
179,-0.045080769807100296,0.03816016763448715,0.26761284470558167,0.021479379385709763,0.02017565630376339,-0.20950599014759064,0.02339152991771698,0.13638059794902802,0.027661580592393875
180,-0.046683378517627716,0.06280901283025742,0.32670336961746216,0.03532077372074127,0.021698996424674988,-0.20067402720451355,0.025129040703177452,0.1466250717639923,0.027674060314893723
181,-0.03267613798379898,0.1259496808052063,0.24121208488941193,0.03185046836733818,0.020549258217215538,-0.1897924542427063,0.022392136976122856,0.15139003098011017,0.024561043828725815
182,-0.07156528532505035,0.1318071037530899,0.4057820439338684,0.041965242475271225,0.027029836550354958,-0.17652013897895813,0.030902359634637833,0.16842786967754364,0.03136010468006134
183,-0.054912008345127106,0.19750255346298218,0.3019959032535553,0.052511442452669144,0.01903332583606243,-0.18366478383541107,0.03245938569307327,0.17607447504997253,0.024450594559311867
184,-0.051945727318525314,0.2495703250169754,0.33406904339790344,0.045866064727306366,0.022596880793571472,-0.17536084353923798,0.03045680746436119,0.1777171939611435,0.02556818164885044
185,-0.06801222264766693,0.2943320870399475,0.46755415201187134,0.05833364650607109,0.024743948131799698,-0.1624339520931244,0.03220382705330849,0.18888798356056213,0.03332192823290825
186,-0.06609587371349335,0.33905524015426636,0.3514637053012848,0.06207900494337082,0.02335008606314659,-0.15223589539527893,0.030473750084638596,0.19830432534217834,0.029558420181274414
187,-0.11504562199115753,0.2989409565925598,0.6806339025497437,0.05128643661737442,0.03012915328145027,-0.19405750930309296,0.045602213591337204,0.19143876433372498,0.044013530015945435
188,-0.09702973067760468,0.366723895072937,0.5484113693237305,0.07235820591449738,0.02645009756088257,-0.14082874357700348,0.039666205644607544,0.20990481972694397,0.03865563124418259
189,-0.04189768806099892,0.48630839586257935,0.3775048851966858,0.08835359662771225,0.01651676930487156,-0.1137409433722496,0.0304478220641613,0.2205161303281784,0.02779080532491207
190,-0.025759989395737648,0.528095006942749,0.29426562786102295,0.09912855923175812,0.013931694440543652,-0.10754289478063583,0.03234010934829712,0.22881761193275452,0.022608697414398193
191,-0.06067103147506714,0.541265070438385,0.5243244171142578,0.10413138568401337,0.017999317497015,-0.09188048541545868,0.035315804183483124,0.22545567154884338,0.036471761763095856
192,-0.07575851678848267,0.5547049641609192,0.5072476267814636,0.07792619615793228,0.023772848770022392,-0.125138521194458,0.039028462022542953,0.23065686225891113,0.033190444111824036
193,-0.06176816299557686,0.600792407989502,0.3583901524543762,0.09547937661409378,0.01642763242125511,-0.12323874235153198,0.04019271209836006,0.23221564292907715,0.027976322919130325
194,-0.07930804044008255,0.6405702829360962,0.40942302346229553,0.10371170938014984,0.01709655672311783,-0.10824235528707504,0.04141085222363472,0.23699383437633514,0.03046945296227932
195,-0.10736773163080215,0.6406848430633545,0.6732909679412842,0.09682615101337433,0.024830076843500137,-0.10770367085933685,0.04843233898282051,0.2540600299835205,0.032767944037914276
196,-0.08346395939588547,0.6806778907775879,0.5373543500900269,0.10330047458410263,0.02169557474553585,-0.10666539520025253,0.04408646374940872,0.24343518912792206,0.03548572212457657
197,-0.109588123857975,0.6884400248527527,0.7321209907531738,0.10744394361972809,0.021600190550088882,-0.1055949479341507,0.04934912919998169,0.2470891773700714,0.040606800466775894
198,-0.012139136902987957,0.8130470514297485,0.2551021873950958,0.11776989698410034,0.010845629498362541,-0.0879959911108017,0.03749848157167435,0.2703530192375183,0.016276348382234573
199,-0.082137331366539,0.7631065845489502,0.5238656997680664,0.10947386920452118,0.019835565239191055,-0.09926579147577286,0.04089776426553726,0.24777965247631073,0.038805242627859116
200,-0.024013984948396683,0.8755291104316711,0.2495999038219452,0.13568030297756195,0.008460059762001038,-0.04896672070026398,0.02948084846138954,0.2698167860507965,0.02040795423090458
201,-0.10452248156070709,0.7846847772598267,0.5705621838569641,0.12730975449085236,0.02136131376028061,-0.08498930931091309,0.04575876146554947,0.27553313970565796,0.029755493625998497
202,-0.07034353911876678,0.818764328956604,0.4973437488079071,0.12369110435247421,0.017026808112859726,-0.09896022081375122,0.044020894914865494,0.2670026421546936,0.029290324077010155
203,-0.013667210936546326,0.9033371806144714,0.22691136598587036,0.12504474818706512,0.012351971119642258,-0.0610700361430645,0.02880365028977394,0.2886849045753479,0.014167663641273975
204,-0.08798565715551376,0.8172376751899719,0.6651312708854675,0.12468929588794708,0.017777081578969955,-0.087644062936306,0.03968780115246773,0.2669439911842346,0.035175446420907974
205,-0.07040221989154816,0.8484963178634644,0.4759206771850586,0.12772738933563232,0.018491623923182487,-0.06445737183094025,0.031584013253450394,0.2784787714481354,0.027449076995253563
206,-0.049638621509075165,0.8529415130615234,0.27664804458618164,0.13229934871196747,0.014273938722908497,-0.06545184552669525,0.028581375256180763,0.2822508215904236,0.02147621102631092
207,-0.0459585078060627,0.8695114850997925,0.30566078424453735,0.13000312447547913,0.012842637486755848,-0.062467802315950394,0.02622116170823574,0.2841900885105133,0.023612763732671738
208,-0.0785137340426445,0.8195317387580872,0.4902311861515045,0.12511417269706726,0.02165161445736885,-0.07636032998561859,0.03228002414107323,0.2933667302131653,0.025342602282762527
209,-0.05706669017672539,0.8469258546829224,0.29215753078460693,0.1265687793493271,0.013407155871391296,-0.07767154276371002,0.02581813372671604,0.2769046723842621,0.023569755256175995
210,-0.04855739325284958,0.8422343134880066,0.367827445268631,0.12621071934700012,0.015379833988845348,-0.0785483866930008,0.02401764504611492,0.28453558683395386,0.02288638986647129
211,-0.03854527324438095,0.8463039398193359,0.31543537974357605,0.12473386526107788,0.015597233548760414,-0.06847622245550156,0.01977401413023472,0.2905004918575287,0.016389640048146248
212,-0.05236104875802994,0.8130828142166138,0.36942145228385925,0.11804363876581192,0.014842758886516094,-0.0980406254529953,0.02195848897099495,0.2776435911655426,0.022675195708870888
213,-0.08679885417222977,0.7681423425674438,0.6009944081306458,0.12199603021144867,0.01956585980951786,-0.08370223641395569,0.021350540220737457,0.275989830493927,0.03164907544851303
214,-0.09669635444879532,0.7636419534683228,0.676961362361908,0.11867402493953705,0.018936194479465485,-0.1042885035276413,0.02288937009871006,0.27620038390159607,0.027312323451042175
215,-0.040160179138183594,0.8197102546691895,0.2961476147174835,0.12830625474452972,0.01357695460319519,-0.07068080455064774,0.014457290060818195,0.2891131639480591,0.016582097858190536
216,-0.11613009870052338,0.7172344923019409,0.6265332698822021,0.10699246823787689,0.02366006001830101,-0.1007063165307045,0.02027909830212593,0.26910528540611267,0.03358323872089386
217,-0.062109969556331635,0.7652103304862976,0.28403306007385254,0.12339542806148529,0.015058448538184166,-0.0789705365896225,0.015232105739414692,0.2834121584892273,0.024665100499987602
218,-0.07126811891794205,0.7577877640724182,0.42936527729034424,0.12549984455108643,0.01570967026054859,-0.08503159135580063,0.017401961609721184,0.27689287066459656,0.028749901801347733
219,-0.11409489810466766,0.6915742754936218,0.9724934101104736,0.11391999572515488,0.02090742252767086,-0.09178270399570465,0.018287913873791695,0.2632586658000946,0.04141508787870407
220,-0.06776642799377441,0.7245426177978516,0.3554798364639282,0.1254056990146637,0.016535377129912376,-0.09242400527000427,0.017979446798563004,0.287262499332428,0.025679510086774826
221,-0.10169561207294464,0.6685506105422974,0.6557884812355042,0.1163976639509201,0.02187209017574787,-0.08754809200763702,0.016368592157959938,0.2684672474861145,0.03749161586165428
222,-0.0673602968454361,0.6697618365287781,0.4925304055213928,0.10475734621286392,0.017698535695672035,-0.1044967919588089,0.014916887506842613,0.2638724446296692,0.029912102967500687
223,-0.05147618055343628,0.6678579449653625,0.394173800945282,0.10995276272296906,0.01611573062837124,-0.10175742954015732,0.016101187095046043,0.27324962615966797,0.027983877807855606
224,-0.09893830865621567,0.603858232498169,0.41933709383010864,0.10564149916172028,0.021378537639975548,-0.10979771614074707,0.01772599294781685,0.2562926113605499,0.04065503925085068
225,-0.0424310676753521,0.6514530181884766,0.31169724464416504,0.11069043725728989,0.015612045302987099,-0.09953576326370239,0.013721710070967674,0.2686344385147095,0.02439570054411888
226,-0.03603794425725937,0.6754879951477051,0.3058528006076813,0.11983907222747803,0.01229056715965271,-0.08671768009662628,0.012485837563872337,0.26628369092941284,0.026311775669455528
227,-0.05932607501745224,0.6324509978294373,0.5510509610176086,0.10691142082214355,0.015643281862139702,-0.1069440096616745,0.0176664087921381,0.26518309116363525,0.028399992734193802
228,-0.08290191739797592,0.5922077894210815,0.5872451066970825,0.10516057163476944,0.02585173211991787,-0.08998078852891922,0.02034812606871128,0.27755653858184814,0.029560226947069168
229,-0.06353513896465302,0.6134437322616577,0.448588490486145,0.10808950662612915,0.017358262091875076,-0.09099026769399643,0.018039129674434662,0.27201196551322937,0.026219844818115234
230,-0.007694833911955357,0.6738066673278809,0.17982156574726105,0.12288911640644073,0.007623263634741306,-0.08035968244075775,0.0128568010404706,0.27032986283302307,0.018588200211524963
231,-0.060685258358716965,0.6207069158554077,0.3498819172382355,0.11026494204998016,0.017703181132674217,-0.09320421516895294,0.01967492327094078,0.2678455710411072,0.02475198172032833
232,-0.032099686563014984,0.653225839138031,0.24391598999500275,0.12438707053661346,0.012509584426879883,-0.07293637096881866,0.017649825662374496,0.2778192162513733,0.019606702029705048
233,-0.05011101812124252,0.6388745903968811,0.40780335664749146,0.1200786605477333,0.016758350655436516,-0.0739513412117958,0.019699132069945335,0.268478661775589,0.02651234343647957
234,-0.013714363798499107,0.6567643880844116,0.23498119413852692,0.11654360592365265,0.009619288146495819,-0.08151253312826157,0.017578259110450745,0.2669146955013275,0.016806717962026596
235,-0.06217425316572189,0.6151578426361084,0.5261613130569458,0.11335289478302002,0.017057035118341446,-0.09534189850091934,0.025754597038030624,0.25843995809555054,0.030533690005540848
236,-0.01619158685207367,0.6974753141403198,0.2990521490573883,0.13725410401821136,0.011896942742168903,-0.032832637429237366,0.015201295726001263,0.2891228199005127,0.014404918067157269
237,-0.05536289140582085,0.6598003506660461,0.2985980808734894,0.12237753719091415,0.019694915041327477,-0.06275538355112076,0.02051195502281189,0.2779938876628876,0.021727705374360085
238,-0.03485148400068283,0.6879070401191711,0.23589733242988586,0.12653784453868866,0.015197915025055408,-0.065261110663414,0.018715156242251396,0.2759700417518616,0.018036913126707077
239,-0.04207757115364075,0.6744857430458069,0.30853351950645447,0.12344937026500702,0.014306987635791302,-0.07470786571502686,0.019813058897852898,0.272414892911911,0.016196122393012047
240,-0.025661129504442215,0.70597904920578,0.2505073547363281,0.11963240057229996,0.014958510175347328,-0.06378646939992905,0.01615992747247219,0.2729666829109192,0.01823095604777336
241,-0.06633094698190689,0.6678810119628906,0.4283045530319214,0.11066164821386337,0.021849071606993675,-0.06431557238101959,0.019175317138433456,0.2798394560813904,0.018101980909705162
242,-0.07147962599992752,0.696303129196167,0.38719239830970764,0.11335189640522003,0.018548358231782913,-0.09490339457988739,0.022382207214832306,0.2634621560573578,0.0236559696495533
243,-0.06253267824649811,0.7168723344802856,0.3543779253959656,0.13074639439582825,0.013640877790749073,-0.06689931452274323,0.018108651041984558,0.27916058897972107,0.01861526630818844
244,-0.11712561547756195,0.6280101537704468,0.6773116588592529,0.103315070271492,0.02606835402548313,-0.11392533779144287,0.029161710292100906,0.26232266426086426,0.027326634153723717
245,-0.04121014475822449,0.6848192811012268,0.2523115873336792,0.13011418282985687,0.013017939403653145,-0.04386524856090546,0.013825790956616402,0.28499752283096313,0.014270502142608166
246,-0.04002702608704567,0.691864550113678,0.25204554200172424,0.11988627910614014,0.013246387243270874,-0.08284217119216919,0.017531363293528557,0.2780464291572571,0.015365900471806526
247,-0.04677584767341614,0.6800574064254761,0.32260218262672424,0.11280791461467743,0.01854103058576584,-0.0927654504776001,0.018342627212405205,0.2757423520088196,0.017676956951618195
248,-0.0017141641583293676,0.7301954030990601,0.23220159113407135,0.11613080650568008,0.01270256470888853,-0.09231650829315186,0.013483148999512196,0.28006210923194885,0.00819250475615263
249,-0.04527544230222702,0.7033652663230896,0.3211170732975006,0.1140434518456459,0.017455320805311203,-0.08467111736536026,0.016241660341620445,0.2684364318847656,0.02080601453781128
250,-0.04093635827302933,0.7077234983444214,0.19787722826004028,0.11829531192779541,0.01427131425589323,-0.0810837522149086,0.013626654632389545,0.2701358497142792,0.018632104620337486
251,-0.0023839729838073254,0.7487761378288269,0.17853327095508575,0.1310204714536667,0.009779931977391243,-0.06006623059511185,0.011327368207275867,0.2972504496574402,0.009206639602780342
252,-0.05916159227490425,0.7351499795913696,0.33039391040802,0.12643550336360931,0.01547076366841793,-0.08467645943164825,0.017320889979600906,0.28387874364852905,0.019179370254278183
253,-0.1008233055472374,0.6884669065475464,0.733425498008728,0.1350483000278473,0.02064528875052929,-0.0725761130452156,0.024151090532541275,0.28900617361068726,0.02795274555683136
254,-0.010655266232788563,0.7684410810470581,0.21245510876178741,0.13088612258434296,0.012044093571603298,-0.06839697062969208,0.014129197224974632,0.2969169318675995,0.01051877997815609
255,-0.007780744694173336,0.7872983813285828,0.1772891879081726,0.13733512163162231,0.009905336424708366,-0.06743212789297104,0.013130934908986092,0.2973930239677429,0.009435678832232952
256,-0.0031069451943039894,0.8271776437759399,0.10611343383789062,0.1384381353855133,0.00981439370661974,-0.06163819506764412,0.009187161922454834,0.3011549711227417,0.00976658146828413
257,-0.028126459568738937,0.7941330671310425,0.2480183243751526,0.1482183039188385,0.01194559596478939,-0.05314240604639053,0.015518495813012123,0.30665987730026245,0.013834433630108833
258,-0.03505615144968033,0.8185880780220032,0.36140140891075134,0.1280939131975174,0.016288507729768753,-0.061912886798381805,0.015286067500710487,0.3015827238559723,0.015370571985840797
259,-0.04029028117656708,0.8105678558349609,0.28581634163856506,0.14671114087104797,0.01359036285430193,-0.032254353165626526,0.01478385180234909,0.31539592146873474,0.015829291194677353
260,-0.03279972821474075,0.8289221525192261,0.23151783645153046,0.13894489407539368,0.01441189181059599,-0.06278190016746521,0.016081226989626884,0.3078364431858063,0.01391360443085432
261,-0.03513620048761368,0.8434306383132935,0.22990421950817108,0.15232889354228973,0.012938765808939934,-0.03741833567619324,0.015678292140364647,0.3144790530204773,0.016009142622351646
262,-0.07313860952854156,0.8028446435928345,0.525809109210968,0.1380448192358017,0.02063172496855259,-0.04889504238963127,0.021445246413350105,0.3116762340068817,0.023893922567367554
263,-0.05987668037414551,0.8558954000473022,0.3672274649143219,0.15293405950069427,0.014744266867637634,-0.04832446575164795,0.018112558871507645,0.32348698377609253,0.016078682616353035
264,-0.039026472717523575,0.8755766749382019,0.3133906424045563,0.15038856863975525,0.014276954345405102,-0.056248582899570465,0.015978053212165833,0.31869029998779297,0.01472773589193821
265,-0.03149690851569176,0.8892410397529602,0.2556823194026947,0.15253257751464844,0.013180186040699482,-0.05173743516206741,0.016591746360063553,0.3220350742340088,0.018108395859599113
266,-0.0787786915898323,0.8519466519355774,0.5062839388847351,0.150787815451622,0.018600160256028175,-0.043583665043115616,0.017824752256274223,0.3144412040710449,0.031255144625902176
267,-0.06896861642599106,0.8722795248031616,0.4719207286834717,0.14939925074577332,0.016241025179624557,-0.048275966197252274,0.016735225915908813,0.32412734627723694,0.020984161645174026
268,0.005713280290365219,0.9440065622329712,0.1343635469675064,0.15901583433151245,0.00908502098172903,-0.024442192167043686,0.00836977455765009,0.3377872705459595,0.008801236748695374
269,0.004537348635494709,0.9492143392562866,0.17375481128692627,0.15595853328704834,0.01058462355285883,-0.06250893324613571,0.0101345619186759,0.31730467081069946,0.012891684658825397
270,-0.04176592081785202,0.9123757481575012,0.3871645927429199,0.14605219662189484,0.016607720404863358,-0.05040281265974045,0.013505878858268261,0.32147836685180664,0.015757549554109573
271,-0.05690630525350571,0.923823356628418,0.4782348871231079,0.1553209125995636,0.014866141602396965,-0.061945825815200806,0.015051625669002533,0.3307376503944397,0.01674368605017662
272,-0.02998647652566433,0.9600158929824829,0.21297577023506165,0.16049495339393616,0.011985644698143005,-0.04404733330011368,0.00946846604347229,0.32842594385147095,0.016859443858265877
273,-0.05324169248342514,0.946926474571228,0.3249594569206238,0.16040940582752228,0.01504876185208559,-0.04856736212968826,0.014359581284224987,0.33433371782302856,0.014629793353378773
274,-0.047945428639650345,0.9563450813293457,0.3986162543296814,0.15495602786540985,0.015640579164028168,-0.06481993943452835,0.012283707037568092,0.31718307733535767,0.020554304122924805
275,-0.039893895387649536,0.9649158716201782,0.30630648136138916,0.15945930778980255,0.014700043015182018,-0.05322674661874771,0.010325683280825615,0.3264082074165344,0.0180988647043705
276,-0.027623748406767845,0.9573225975036621,0.28890812397003174,0.16478951275348663,0.012373830191791058,-0.031214818358421326,0.009890817105770111,0.34071260690689087,0.01188685279339552
277,-0.10901522636413574,0.9164020419120789,0.6635354161262512,0.15800906717777252,0.01769811287522316,-0.06392618268728256,0.01860733889043331,0.3092852234840393,0.029683638364076614
278,-0.06341033428907394,0.9361802935600281,0.37090036273002625,0.16240161657333374,0.014921675436198711,-0.05029305815696716,0.013241812586784363,0.32596611976623535,0.015624050982296467
279,-0.021015144884586334,0.9492781758308411,0.20193858444690704,0.15616187453269958,0.013937381096184254,-0.05197550728917122,0.00792605709284544,0.3188953399658203,0.011400219984352589
280,-0.06348315626382828,0.897443950176239,0.4468036890029907,0.16281431913375854,0.0149556128308177,-0.05177033692598343,0.013206767849624157,0.3146657347679138,0.01954355090856552
281,-0.1311645805835724,0.815098762512207,0.9126293063163757,0.14638063311576843,0.025398695841431618,-0.05103106424212456,0.01769484393298626,0.3089284300804138,0.024951424449682236
282,-0.03734474256634712,0.8826314806938171,0.2733146548271179,0.154545396566391,0.01225818507373333,-0.06931564956903458,0.012366635724902153,0.31055203080177307,0.011531665921211243
283,-0.044499218463897705,0.8334683179855347,0.30063241720199585,0.1543176919221878,0.013939070515334606,-0.06429606676101685,0.013658532872796059,0.30715757608413696,0.014790074899792671
284,-0.01823517121374607,0.8718846440315247,0.14681366086006165,0.15600135922431946,0.008249444887042046,-0.07561157643795013,0.010024813003838062,0.3000067174434662,0.0080172810703516
285,-0.037996578961610794,0.8265126943588257,0.3872629404067993,0.14961418509483337,0.014102926477789879,-0.05005687475204468,0.00988119374960661,0.3016875982284546,0.01425344031304121
286,-0.006725975777953863,0.8375579714775085,0.14868538081645966,0.1550799161195755,0.009631216526031494,-0.05105961486697197,0.008004305884242058,0.3127354085445404,0.00608432199805975
287,-0.01699797809123993,0.8481248617172241,0.21626421809196472,0.1549123227596283,0.010736735537648201,-0.047385066747665405,0.00820879079401493,0.3091646730899811,0.009012894704937935
288,-0.01570914313197136,0.8360363245010376,0.25193116068840027,0.1575743705034256,0.00813013594597578,-0.07042412459850311,0.010464437305927277,0.30488890409469604,0.00834647286683321
289,-0.01958848163485527,0.8351818919181824,0.23096491396427155,0.14695078134536743,0.0124050322920084,-0.0673469826579094,0.00992593728005886,0.31014400720596313,0.010275492444634438
290,-0.060106538236141205,0.8063219785690308,0.39739567041397095,0.1512182652950287,0.01522877812385559,-0.06845267862081528,0.01474541611969471,0.2999226152896881,0.019812854006886482
291,-0.005951878614723682,0.8595115542411804,0.135609433054924,0.16627298295497894,0.008024945855140686,-0.03924783691763878,0.009537891484797001,0.3227035105228424,0.008458510041236877
292,-0.03606652468442917,0.8614822626113892,0.37368667125701904,0.15275663137435913,0.013816711492836475,-0.06516212970018387,0.013516461476683617,0.3127173185348511,0.012819668278098106
293,-0.026148760691285133,0.8920376896858215,0.19258269667625427,0.1681116372346878,0.007305162958800793,-0.0585022047162056,0.011380994692444801,0.3188164234161377,0.011870920658111572
294,-0.0142290024086833,0.8992940783500671,0.19027791917324066,0.1579480916261673,0.008344662375748158,-0.0613141767680645,0.010615512728691101,0.3192192316055298,0.010294313542544842
295,-0.03610127419233322,0.8984687924385071,0.3608969748020172,0.15501680970191956,0.01512438990175724,-0.06354866921901703,0.01112705934792757,0.3195638656616211,0.013024590909481049
296,-0.040492285043001175,0.893398106098175,0.4458775520324707,0.16700370609760284,0.0143200708553195,-0.04250599816441536,0.010603993199765682,0.32455310225486755,0.017235204577445984
297,0.00042048507020808756,0.9440533518791199,0.15804822742938995,0.17498469352722168,0.007335981819778681,-0.030489996075630188,0.007839447818696499,0.3438200056552887,0.006142568774521351
298,0.008517669513821602,0.9871673583984375,0.09714362770318985,0.1790863573551178,0.004969925619661808,-0.034420114010572433,0.006524423602968454,0.34022536873817444,0.006238710135221481
299,-0.03460335358977318,0.9641134142875671,0.258276104927063,0.1742093861103058,0.010366000235080719,-0.04228099435567856,0.01126413606107235,0.34610798954963684,0.009699425660073757
300,-0.017132718116044998,0.9609338045120239,0.20372526347637177,0.1598021686077118,0.01198594830930233,-0.05680985003709793,0.009979642927646637,0.32509979605674744,0.017184406518936157
301,-0.051049839705228806,0.9534400701522827,0.2599847614765167,0.17547085881233215,0.0133142601698637,-0.03694628179073334,0.013811293058097363,0.3508135676383972,0.013835211284458637
302,-0.034259773790836334,0.9960445165634155,0.24685168266296387,0.1694451868534088,0.010609169490635395,-0.05287978798151016,0.011638067662715912,0.3400248885154724,0.012483376078307629
303,0.0013216703664511442,1.007773518562317,0.1131499856710434,0.18371489644050598,0.005820916965603828,-0.012103919871151447,0.007721546106040478,0.358598917722702,0.009007277898490429
304,-0.012101994827389717,1.0329258441925049,0.15012812614440918,0.18474480509757996,0.0061615994200110435,-0.042239148169755936,0.01016603410243988,0.34647083282470703,0.010785192251205444
305,-0.03910990059375763,1.0116817951202393,0.28637683391571045,0.17369858920574188,0.014224907383322716,-0.03842595964670181,0.01236051321029663,0.3471204936504364,0.012359267100691795
306,-0.0479348823428154,1.0126912593841553,0.3273267447948456,0.1798439919948578,0.012475155293941498,-0.03794899210333824,0.012261946685612202,0.35207462310791016,0.014107443392276764
307,-0.07721643149852753,0.9964884519577026,0.4498456120491028,0.18134211003780365,0.014109976589679718,-0.03873630240559578,0.015926815569400787,0.34848490357398987,0.017176905646920204
308,-0.034496478736400604,1.056424856185913,0.36618155241012573,0.18462803959846497,0.01204186212271452,-0.04436631500720978,0.013752589002251625,0.34989461302757263,0.012038925662636757
309,-0.040663138031959534,1.0342751741409302,0.30051812529563904,0.18377110362052917,0.010173002257943153,-0.02887716516852379,0.011679197661578655,0.3521307408809662,0.013041054829955101
310,-0.04999460279941559,1.0228794813156128,0.2769562900066376,0.17654484510421753,0.014618161134421825,-0.030980030074715614,0.01348772644996643,0.3534647226333618,0.013256860896945
311,-0.026480019092559814,1.0660206079483032,0.3089710474014282,0.18248668313026428,0.012478169985115528,-0.03736930340528488,0.01154638547450304,0.3505619168281555,0.009551985189318657
312,-0.05884062126278877,1.007979154586792,0.5177661776542664,0.173314169049263,0.016626928001642227,-0.029460299760103226,0.011042693629860878,0.34578633308410645,0.014162043109536171
313,-0.06414006650447845,0.9867359399795532,0.25718289613723755,0.1701904833316803,0.018439484760165215,-0.03106994926929474,0.014417666010558605,0.34056663513183594,0.017024433240294456
314,-0.09596692770719528,0.9391559362411499,0.6882997155189514,0.16070841252803802,0.022428322583436966,-0.049568116664886475,0.020905202254652977,0.3251464366912842,0.02796022593975067
315,-0.019645076245069504,1.0343894958496094,0.1574404388666153,0.17625199258327484,0.010498936288058758,-0.0354243665933609,0.010314689949154854,0.35076040029525757,0.00884854607284069
316,-0.05191247537732124,1.0011889934539795,0.36181312799453735,0.17582020163536072,0.016537729650735855,-0.04554266482591629,0.014987222850322723,0.34224042296409607,0.014689500443637371
317,-0.04626787453889847,0.9904009103775024,0.295667439699173,0.18018615245819092,0.012069126591086388,-0.04069611430168152,0.014310410246253014,0.34252458810806274,0.01407331507652998
318,-0.062082596123218536,0.9567228555679321,0.412803590297699,0.17094825208187103,0.01609675958752632,-0.038263820111751556,0.014888867735862732,0.3420211672782898,0.01865856908261776
319,-0.11196519434452057,0.9298981428146362,0.6995358467102051,0.15993864834308624,0.022642012685537338,-0.0711020678281784,0.02184756100177765,0.3253822326660156,0.02806256152689457
320,-0.06778029352426529,0.9647213220596313,0.4191814661026001,0.158421590924263,0.018770724534988403,-0.05895090103149414,0.014135378412902355,0.33446773886680603,0.01954495906829834
321,-0.019820015877485275,0.9833983182907104,0.25195032358169556,0.1658228039741516,0.011566339060664177,-0.057365935295820236,0.011407608166337013,0.3422917425632477,0.009414155036211014
322,-0.013367046602070332,0.9710918664932251,0.24269746243953705,0.16599707305431366,0.011989356018602848,-0.050505273044109344,0.01091223955154419,0.34539932012557983,0.009796972386538982
323,0.002184259006753564,0.9857200384140015,0.14142870903015137,0.17215709388256073,0.008112032897770405,-0.039579838514328,0.00916067510843277,0.3560459017753601,0.00786159560084343
324,-0.03154518082737923,0.9744040369987488,0.3069537281990051,0.168452188372612,0.010840063914656639,-0.04962160438299179,0.012683128006756306,0.3504609167575836,0.01292990893125534
325,-0.03259221091866493,0.9749892354011536,0.2491494119167328,0.16796545684337616,0.012317215092480183,-0.05966229364275932,0.014256028458476067,0.33645159006118774,0.016025491058826447
326,-0.038430340588092804,0.9814110994338989,0.29454100131988525,0.1715729832649231,0.013315422460436821,-0.04512695223093033,0.014809067361056805,0.3488914966583252,0.016339698806405067
327,0.00022032484412193298,1.0227519273757935,0.16163881123065948,0.16111215949058533,0.011411761865019798,-0.05627492070198059,0.011757893487811089,0.3480331003665924,0.010346710681915283
328,-0.038958143442869186,1.0070793628692627,0.19159120321273804,0.1721758395433426,0.013429015874862671,-0.04794446751475334,0.014979057013988495,0.35132336616516113,0.017284071072936058
329,-0.030195336788892746,1.0597838163375854,0.35576650500297546,0.18787088990211487,0.011125634424388409,-0.030203957110643387,0.012651791796088219,0.3563116788864136,0.014636198058724403
330,-0.01706531271338463,1.0760653018951416,0.24286343157291412,0.18976137042045593,0.009805316105484962,-0.030792545527219772,0.012421123683452606,0.36164391040802,0.013228078372776508
331,-0.02206910029053688,1.1400073766708374,0.13041703402996063,0.19996397197246552,0.00836915709078312,-0.00830221176147461,0.010027668438851833,0.3763628602027893,0.008183566853404045
332,-0.02441592700779438,1.1137303113937378,0.16051343083381653,0.1892697513103485,0.010668470524251461,-0.0323086716234684,0.01221131719648838,0.37190431356430054,0.009233931079506874
333,0.0067800357937812805,1.1652213335037231,0.16916657984256744,0.19238395988941193,0.008766054175794125,-0.014622604474425316,0.009516766294836998,0.37960490584373474,0.004902451299130917
334,-0.020978322252631187,1.1782793998718262,0.18766376376152039,0.199484184384346,0.005905120633542538,-0.019073689356446266,0.011079477146267891,0.37460002303123474,0.007557709701359272
335,-0.058310531079769135,1.1389564275741577,0.3388630151748657,0.1877559870481491,0.016286706551909447,-0.03412213921546936,0.015579832717776299,0.35440000891685486,0.022258048877120018
336,-0.004223974421620369,1.2330777645111084,0.1558416485786438,0.20391228795051575,0.006507955491542816,-0.022730711847543716,0.013201931491494179,0.3838929533958435,0.009123170748353004
337,-0.030984997749328613,1.2251230478286743,0.17720237374305725,0.21089980006217957,0.009744629263877869,0.00506094004958868,0.011740990914404392,0.39652061462402344,0.008776964619755745
338,-0.033838119357824326,1.2490990161895752,0.2760056257247925,0.20316895842552185,0.011180438101291656,-0.016731318086385727,0.014728960581123829,0.38266557455062866,0.014059403911232948
339,-0.059335507452487946,1.257094144821167,0.4279642701148987,0.20825791358947754,0.016840914264321327,0.0009595930459909141,0.015196305699646473,0.3974999487400055,0.01489239651709795
340,-0.0477420911192894,1.293735146522522,0.40866443514823914,0.20383481681346893,0.011793105863034725,-0.010386740788817406,0.015910116955637932,0.3858751654624939,0.014607595279812813
341,-0.00999984610825777,1.3343629837036133,0.2741486430168152,0.21471679210662842,0.007592480629682541,-0.0020054280757904053,0.012842831201851368,0.3989681005477905,0.0071351961232721806
342,-0.03155659884214401,1.311570644378662,0.2658478021621704,0.21993951499462128,0.009240255691111088,0.024373918771743774,0.010717242956161499,0.3998294174671173,0.010482805781066418
343,-0.03754710033535957,1.3173710107803345,0.29505184292793274,0.2110215723514557,0.014176237396895885,0.009648026898503304,0.013544526882469654,0.3935000002384186,0.011456209234893322
344,-0.009977619163691998,1.3761452436447144,0.17572958767414093,0.21642620861530304,0.008089495822787285,0.01055863220244646,0.010982592590153217,0.40383148193359375,0.0072809187695384026
345,0.01184791885316372,1.3755643367767334,0.11040537059307098,0.22661717236042023,0.004586192313581705,0.03582248464226723,0.009564881213009357,0.4086715579032898,0.0044285450130701065
346,0.01097809337079525,1.4308241605758667,0.1541677564382553,0.21628713607788086,0.008840540423989296,0.008690999820828438,0.009760345332324505,0.405031681060791,0.005850755609571934
347,-0.0758531242609024,1.3650562763214111,0.34244391322135925,0.20693497359752655,0.018408840522170067,0.020323729142546654,0.01996413990855217,0.4045381546020508,0.016806695610284805
348,-0.05142523720860481,1.4499996900558472,0.34101465344429016,0.21742939949035645,0.016803966835141182,0.021971657872200012,0.013362890109419823,0.4144187867641449,0.012779703363776207
349,-0.026089614257216454,1.5218311548233032,0.3584638833999634,0.23235058784484863,0.010599784553050995,0.03577808663249016,0.011086052283644676,0.43186870217323303,0.008282577618956566
350,-0.03380833938717842,1.5284701585769653,0.24362671375274658,0.23534777760505676,0.009413559921085835,0.03043442964553833,0.01451237965375185,0.43509554862976074,0.007261949125677347
351,0.013602021150290966,1.5794779062271118,0.1439252495765686,0.22909431159496307,0.008143206126987934,0.043735019862651825,0.01074229646474123,0.4370383620262146,0.006102930288761854
352,0.009168191812932491,1.6344566345214844,0.11895623803138733,0.24459779262542725,0.005998746491968632,0.06584738940000534,0.00836673378944397,0.45450401306152344,0.004542745649814606
353,-0.0304710753262043,1.6258701086044312,0.2849298417568207,0.24572768807411194,0.011220133863389492,0.06560894846916199,0.014417419210076332,0.45725154876708984,0.009394051507115364
354,-0.04841024428606033,1.6376231908798218,0.27652862668037415,0.25202131271362305,0.013172576203942299,0.06903813034296036,0.015828240662813187,0.45368337631225586,0.014881907030940056
355,-0.048463620245456696,1.6727176904678345,0.2757132053375244,0.24985966086387634,0.013345959596335888,0.052299994975328445,0.016263654455542564,0.4536179006099701,0.015445379540324211
356,-0.009823106229305267,1.7348037958145142,0.19653809070587158,0.25192520022392273,0.01014004647731781,0.08804439008235931,0.013654719106853008,0.4716463088989258,0.009231192991137505
357,-0.036095038056373596,1.740906000137329,0.24296139180660248,0.2550477385520935,0.010916998609900475,0.08583763986825943,0.01704062893986702,0.46735697984695435,0.016307547688484192
358,-0.02016051486134529,1.8370425701141357,0.17745381593704224,0.2670373022556305,0.007308165077120066,0.10692252218723297,0.009494658559560776,0.4869633615016937,0.008719775825738907
359,-0.003186491783708334,1.8586750030517578,0.1526009440422058,0.2693513035774231,0.006074054632335901,0.11413794755935669,0.0073886411264538765,0.486762136220932,0.006607600953429937
360,-0.07378824055194855,1.7537059783935547,0.40751466155052185,0.24239353835582733,0.016573665663599968,0.08230799436569214,0.016945326700806618,0.464582622051239,0.01863979734480381
361,-0.024610551074147224,1.8612372875213623,0.28332144021987915,0.2538597583770752,0.011562627740204334,0.08409999310970306,0.012239208444952965,0.4848824143409729,0.007017205469310284
362,-0.0204745065420866,1.828299880027771,0.16277769207954407,0.25309011340141296,0.012226352468132973,0.08787224441766739,0.009690379723906517,0.47782230377197266,0.008461804129183292
363,-0.05964752286672592,1.8213106393814087,0.3036595582962036,0.24959354102611542,0.016407031565904617,0.08278109133243561,0.015069833025336266,0.4808906018733978,0.012677786871790886
364,0.002466294914484024,1.920487642288208,0.15206529200077057,0.2675015926361084,0.009016342461109161,0.0830792784690857,0.009212030097842216,0.47980958223342896,0.0064891641959548
365,-0.024501333013176918,1.8839019536972046,0.3248473107814789,0.25344008207321167,0.013122756965458393,0.073036327958107,0.012067647650837898,0.47229403257369995,0.009603846818208694
366,-0.021159470081329346,1.924116849899292,0.20907534658908844,0.27015355229377747,0.009153136983513832,0.10966657102108002,0.010349767282605171,0.4921301007270813,0.006696268916130066
367,-0.027244631201028824,1.9267030954360962,0.2149924635887146,0.26042240858078003,0.010427201166749,0.09311820566654205,0.009327756240963936,0.4861873984336853,0.009060034528374672
368,-0.055847011506557465,1.8989973068237305,0.32411903142929077,0.2571794390678406,0.011694325134158134,0.09223252534866333,0.012906411662697792,0.4839485287666321,0.010311214253306389
369,-0.02662767842411995,1.9268821477890015,0.311117559671402,0.2688083052635193,0.009476939216256142,0.09590181708335876,0.011711105704307556,0.4904695153236389,0.008268793113529682
370,-0.015507174655795097,1.9568455219268799,0.20759333670139313,0.25377926230430603,0.01029552798718214,0.09517543017864227,0.009049485437572002,0.48511171340942383,0.006197119597345591
371,-0.037251852452754974,1.9264323711395264,0.2618677616119385,0.2622684836387634,0.00959801860153675,0.08942814916372299,0.01165141724050045,0.48080673813819885,0.009778730571269989
372,-0.023010507225990295,1.9310963153839111,0.3143123984336853,0.25186091661453247,0.01057164091616869,0.0653798058629036,0.012628355994820595,0.48078790307044983,0.006038597784936428
373,-0.03934575989842415,1.907132863998413,0.3734617829322815,0.26376399397850037,0.009569184854626656,0.09523799270391464,0.01340150274336338,0.49328166246414185,0.007177615072578192
374,-0.041778869926929474,1.867898941040039,0.3728552460670471,0.25976458191871643,0.011014520190656185,0.09353497624397278,0.014024185948073864,0.4782467782497406,0.010679999366402626
375,-0.042056627571582794,1.8537698984146118,0.2638704180717468,0.2551271915435791,0.012494330294430256,0.0961710587143898,0.012802365235984325,0.47775545716285706,0.011378966271877289
376,-0.02934778854250908,1.9181092977523804,0.15771299600601196,0.26231032609939575,0.0075619397684931755,0.06241495534777641,0.01376278419047594,0.4808751046657562,0.006623438093811274
377,0.003962615039199591,1.943018913269043,0.1205761507153511,0.26293033361434937,0.005596094764769077,0.09006820619106293,0.009387671016156673,0.4780435562133789,0.004767210688441992
378,-0.024157976731657982,1.9300520420074463,0.1889445036649704,0.2663321793079376,0.00725944247096777,0.10210762172937393,0.011121118441224098,0.4869627058506012,0.007732613477855921
379,-0.030483368784189224,1.9531663656234741,0.2613205015659332,0.2714647650718689,0.008347106166183949,0.09897218644618988,0.013759372755885124,0.47865837812423706,0.011797962710261345
380,-0.034527771174907684,1.94121515750885,0.2937849462032318,0.269861102104187,0.008328242227435112,0.0995347872376442,0.014834702014923096,0.48741260170936584,0.01050841249525547
381,-0.01842990517616272,1.9785038232803345,0.15977180004119873,0.27190279960632324,0.008328128606081009,0.10056962817907333,0.012689441442489624,0.4828372001647949,0.007568164262920618
382,-0.06758488714694977,1.922325849533081,0.5319592356681824,0.25962918996810913,0.017381880432367325,0.09981672465801239,0.0183341633528471,0.48734673857688904,0.015472516417503357
383,-0.015138496644794941,2.061260938644409,0.1695786863565445,0.2773781716823578,0.005193662829697132,0.11291632801294327,0.013069070875644684,0.5014852285385132,0.008760913275182247
384,-0.025617197155952454,2.044262647628784,0.26318007707595825,0.27959614992141724,0.008239895105361938,0.12438605725765228,0.012806052342057228,0.5083471536636353,0.0077004642225801945
385,0.004827378783375025,2.1008284091949463,0.16169287264347076,0.2783876359462738,0.005809656344354153,0.14150020480155945,0.00931624136865139,0.5147621035575867,0.006981775164604187
386,-0.02026386931538582,2.0903306007385254,0.22860991954803467,0.2874756455421448,0.008183641359210014,0.13611207902431488,0.013275517150759697,0.5201969742774963,0.009276400320231915
387,-0.006271062884479761,2.101491928100586,0.15781210362911224,0.2737160325050354,0.007345853839069605,0.11770452558994293,0.011848709546029568,0.5116955637931824,0.008103325963020325
388,-0.012540456838905811,2.1359341144561768,0.1805276870727539,0.2709452211856842,0.009254838339984417,0.11433152109384537,0.015092539601027966,0.5230168700218201,0.008982576429843903
389,-0.027409706264734268,2.1570029258728027,0.40044841170310974,0.2823697328567505,0.010040716268122196,0.121857188642025,0.01534315012395382,0.5265296697616577,0.009659869596362114
390,-0.036943964660167694,2.204693078994751,0.2421136200428009,0.2849251627922058,0.008531739935278893,0.14036840200424194,0.012909715063869953,0.5287595391273499,0.013276616111397743
391,-0.034015022218227386,2.218954563140869,0.30706819891929626,0.2756766378879547,0.010959888808429241,0.12695792317390442,0.014110343530774117,0.5305730104446411,0.01501526404172182
392,-0.015462067909538746,2.305537462234497,0.1890804022550583,0.279691606760025,0.008922750130295753,0.11896467208862305,0.012720370665192604,0.5334494113922119,0.009558996185660362
393,-0.018050068989396095,2.3396823406219482,0.14910998940467834,0.28689464926719666,0.005934920161962509,0.11469493061304092,0.014999976381659508,0.5428731441497803,0.008683172054588795
394,-0.030617740005254745,2.344494104385376,0.17236869037151337,0.28102949261665344,0.010890168137848377,0.13374590873718262,0.01201142929494381,0.5455392003059387,0.012139259837567806
395,-0.0335063673555851,2.41414213180542,0.2382250726222992,0.29523003101348877,0.007381681352853775,0.13709458708763123,0.01306118629872799,0.5438824892044067,0.012257516384124756
396,-0.002312511671334505,2.4446864128112793,0.20984502136707306,0.29560035467147827,0.00634873379021883,0.16281606256961823,0.00916807446628809,0.5606853365898132,0.007023897022008896
397,-0.025480028241872787,2.443514823913574,0.3353129029273987,0.29580286145210266,0.008351667784154415,0.13882873952388763,0.013565018773078918,0.5581262111663818,0.006153841037303209
398,-0.045557133853435516,2.4102330207824707,0.2824878990650177,0.29486900568008423,0.009608952328562737,0.13765792548656464,0.01422234158962965,0.5427616834640503,0.012670415453612804
399,-0.027857741340994835,2.4702699184417725,0.2178320586681366,0.3041054606437683,0.007186783943325281,0.13641700148582458,0.015678459778428078,0.5492719411849976,0.009334799833595753
400,-0.040558431297540665,2.491466999053955,0.19514290988445282,0.2940823435783386,0.009085026569664478,0.1324377804994583,0.013977552764117718,0.5457844734191895,0.010433513671159744
401,-0.04618365690112114,2.5435597896575928,0.5148025155067444,0.3076755404472351,0.009680114686489105,0.15899959206581116,0.012790298089385033,0.5595375299453735,0.006882001645863056
402,0.0009266495471820235,2.5789637565612793,0.1152244582772255,0.31415054202079773,0.003417953848838806,0.15867021679878235,0.009305140003561974,0.5566740036010742,0.004495521076023579
403,0.0029763474594801664,2.5251379013061523,0.09663096815347672,0.30739250779151917,0.004569930490106344,0.14162838459014893,0.011999018490314484,0.5490795373916626,0.004077165387570858
404,-0.038388364017009735,2.4864537715911865,0.38623878359794617,0.29445138573646545,0.009341574274003506,0.12789687514305115,0.015537409111857414,0.5390635132789612,0.00805443711578846
405,-0.030436063185334206,2.4640164375305176,0.2947773039340973,0.3036195635795593,0.010215269401669502,0.16289950907230377,0.01228573638945818,0.544960618019104,0.006585871335119009
406,-0.009984608739614487,2.4829230308532715,0.22627490758895874,0.3048868477344513,0.008769679814577103,0.1383480727672577,0.01467824261635542,0.542461097240448,0.006874945014715195
407,-0.023057520389556885,2.5341241359710693,0.22967632114887238,0.3034519851207733,0.007606597151607275,0.15726086497306824,0.012355145998299122,0.5364173650741577,0.00879235565662384
408,0.0054291291162371635,2.5843920707702637,0.09312790632247925,0.31044602394104004,0.004974779672920704,0.17029297351837158,0.009470841847360134,0.5480057001113892,0.004098785575479269
409,-0.04879210144281387,2.5355305671691895,0.4198240637779236,0.29223841428756714,0.010846639052033424,0.13861611485481262,0.014780628494918346,0.5434869527816772,0.00843431893736124
410,-0.0154434097930789,2.5732858180999756,0.2028866708278656,0.30156052112579346,0.008216935209929943,0.1698916107416153,0.011323598213493824,0.5505982041358948,0.006010945420712233
411,-0.0503915473818779,2.5335910320281982,0.34473660588264465,0.30110713839530945,0.014948171563446522,0.1785150021314621,0.01345727127045393,0.5499632954597473,0.012210759334266186
412,-0.022959044203162193,2.5534861087799072,0.20252275466918945,0.31096264719963074,0.005814934615045786,0.17234039306640625,0.010815623216331005,0.5476543307304382,0.007702386938035488
413,0.005835108458995819,2.5877764225006104,0.09104035049676895,0.322331964969635,0.0031566217076033354,0.18011891841888428,0.009332336485385895,0.5530667304992676,0.0032550636678934097
414,-0.05346466973423958,2.516157627105713,0.3765809237957001,0.3059818148612976,0.00997015368193388,0.1687372475862503,0.013104572892189026,0.5460904240608215,0.010912632569670677
415,-0.032506875693798065,2.509641170501709,0.34553080797195435,0.2978190779685974,0.009456801228225231,0.1485932171344757,0.012036538682878017,0.5402531623840332,0.006000938825309277
416,-0.005132731981575489,2.4774980545043945,0.13340330123901367,0.3022875189781189,0.004179739393293858,0.14973340928554535,0.010043143294751644,0.53482985496521,0.0030770839657634497
417,-0.031421028077602386,2.356424331665039,0.18547551333904266,0.29590892791748047,0.010103669948875904,0.15877288579940796,0.011863943189382553,0.5195478200912476,0.012765832245349884
418,0.011070864275097847,2.365593433380127,0.12009784579277039,0.28005844354629517,0.0042236666195094585,0.12188068777322769,0.010536777786910534,0.5089174509048462,0.0070133754052221775
419,-0.012293538078665733,2.3495500087738037,0.1547490805387497,0.2944523096084595,0.006093738134950399,0.14657968282699585,0.00987335480749607,0.5181268453598022,0.006260630674660206
420,-0.017131248489022255,2.353666067123413,0.14068415760993958,0.2880575656890869,0.005177103914320469,0.1402217447757721,0.009856089018285275,0.5026887655258179,0.008850110694766045
421,-0.013854865916073322,2.375187397003174,0.19184476137161255,0.2893272042274475,0.006023191846907139,0.1403508186340332,0.01095699705183506,0.5114376544952393,0.008499492891132832
422,-0.009551916271448135,2.3818142414093018,0.16900788247585297,0.28571727871894836,0.0057235294952988625,0.12514743208885193,0.011996423825621605,0.5029104351997375,0.007598401512950659
423,-0.06956368684768677,2.3059685230255127,0.23684000968933105,0.28438013792037964,0.01137521117925644,0.1482125073671341,0.015079858712852001,0.5094642639160156,0.014451933093369007
424,-0.014789978042244911,2.4073281288146973,0.30681750178337097,0.30100250244140625,0.006964174099266529,0.15739771723747253,0.008119722828269005,0.5164626836776733,0.008225277997553349
425,-0.04432954639196396,2.3780810832977295,0.47830283641815186,0.28624048829078674,0.010780701413750648,0.16495907306671143,0.010292282328009605,0.5152855515480042,0.011925491504371166
426,-0.005745240952819586,2.460547924041748,0.13223233819007874,0.3005020022392273,0.005496299359947443,0.17741689085960388,0.007570290006697178,0.5287629961967468,0.004481877200305462
427,-0.02445218153297901,2.4721970558166504,0.13840709626674652,0.30915775895118713,0.005606933496892452,0.1724083423614502,0.011920194141566753,0.5194571614265442,0.008714205585420132
428,-0.030004775151610374,2.4332759380340576,0.2706206440925598,0.3006296753883362,0.008491819724440575,0.18493255972862244,0.011347213760018349,0.5271900296211243,0.007358090486377478
429,-0.033048223704099655,2.4186811447143555,0.1994340866804123,0.2876551151275635,0.009883512742817402,0.16904675960540771,0.010059840977191925,0.5247361660003662,0.007646530866622925
430,-0.02692282199859619,2.4482457637786865,0.2483789324760437,0.29434823989868164,0.00739375501871109,0.1566934436559677,0.011249398812651634,0.5241838693618774,0.008086671121418476
431,0.00976570975035429,2.5497543811798096,0.12923985719680786,0.3088023066520691,0.004938055761158466,0.20005401968955994,0.007488199509680271,0.5374684929847717,0.005423862952739
432,-0.0020281621254980564,2.5764729976654053,0.0958724319934845,0.31733864545822144,0.003762034233659506,0.20527450740337372,0.007268224842846394,0.5392748713493347,0.006380757782608271
433,-0.04988497495651245,2.564411163330078,0.5364821553230286,0.3057348132133484,0.012092076241970062,0.19163718819618225,0.012311439029872417,0.5413131713867188,0.0099038016051054
434,-0.006355211138725281,2.632477283477783,0.15144214034080505,0.30599382519721985,0.006466413848102093,0.19321325421333313,0.009699109010398388,0.5546416640281677,0.004480973817408085
435,-0.04011509194970131,2.5875706672668457,0.3314405679702759,0.2986319959163666,0.009777738712728024,0.17717650532722473,0.013500425033271313,0.5485286116600037,0.010252861306071281
436,-0.00829628761857748,2.681781530380249,0.1669389009475708,0.313569575548172,0.006993979215621948,0.19080722332000732,0.011354085989296436,0.5627270936965942,0.00695321848616004
437,-0.03725630044937134,2.6790449619293213,0.15648730099201202,0.3119533956050873,0.007485957350581884,0.18899214267730713,0.01142963021993637,0.5579841732978821,0.009381437674164772
438,-0.061021946370601654,2.7011890411376953,0.5465857982635498,0.31015533208847046,0.012241904623806477,0.1981688141822815,0.01543660182505846,0.567551851272583,0.009965919889509678
439,-0.004812178201973438,2.8014233112335205,0.15181636810302734,0.3216506838798523,0.006142379716038704,0.21014824509620667,0.011057061143219471,0.5829355716705322,0.005348764359951019
440,-0.01268432755023241,2.847174882888794,0.17878825962543488,0.3212260603904724,0.006638690829277039,0.2375163733959198,0.009306040592491627,0.5893141031265259,0.005921625532209873
441,0.0013742989394813776,2.896296977996826,0.13677425682544708,0.32766231894493103,0.004400988109409809,0.2256203591823578,0.010903529822826385,0.5994306802749634,0.0041475421749055386
442,-0.0197451151907444,2.9240593910217285,0.22542403638362885,0.3257247805595398,0.00980584416538477,0.2429370880126953,0.01242893747985363,0.6065949201583862,0.008211066946387291
443,-0.00796823762357235,3.037022829055786,0.13100601732730865,0.33028918504714966,0.007741378154605627,0.24820439517498016,0.010573169216513634,0.6220064759254456,0.006216838024556637
444,-0.065363809466362,3.0633530616760254,0.4935358762741089,0.3356040120124817,0.01354224793612957,0.26266688108444214,0.014829911291599274,0.6308647990226746,0.00916274730116129
445,-0.008684289641678333,3.15543794631958,0.21291890740394592,0.3520553708076477,0.006355071906000376,0.2555134892463684,0.01276269368827343,0.6427305340766907,0.0068588340654969215
446,-0.024306628853082657,3.2081027030944824,0.2944553792476654,0.34902429580688477,0.009187376126646996,0.2756262719631195,0.012066214345395565,0.6575804948806763,0.007616003509610891
447,-0.024019867181777954,3.246182918548584,0.28384363651275635,0.36486250162124634,0.007703135721385479,0.24591019749641418,0.0147940618917346,0.6600972414016724,0.009006228297948837
448,-0.018427234143018723,3.314037322998047,0.30606013536453247,0.36045417189598083,0.007704825606197119,0.2558452785015106,0.013680155389010906,0.6745052337646484,0.0075646648183465
449,-0.006081512197852135,3.4124274253845215,0.1737174540758133,0.36574333906173706,0.008436237461864948,0.2808902859687805,0.011640848591923714,0.6899237632751465,0.005660800263285637
450,-0.06011755019426346,3.3830864429473877,0.4105461537837982,0.3538360893726349,0.01307757943868637,0.2667389512062073,0.016435887664556503,0.6950024366378784,0.010932411067187786
451,-0.0346723310649395,3.4999725818634033,0.2408745437860489,0.3727334439754486,0.010774089954793453,0.26929622888565063,0.015294870361685753,0.7138964533805847,0.007130915764719248
452,-0.029374852776527405,3.569693088531494,0.3393024206161499,0.36408498883247375,0.01249182689934969,0.244951993227005,0.01681387424468994,0.7163313031196594,0.008745004422962666
453,0.003800546284765005,3.6407699584960938,0.1366848200559616,0.36927327513694763,0.007721553556621075,0.25936898589134216,0.012979837134480476,0.7277754545211792,0.005423850379884243
454,-0.01934504136443138,3.7097084522247314,0.17243081331253052,0.38411861658096313,0.010951666161417961,0.2866678833961487,0.014041101559996605,0.7377756834030151,0.008283855393528938
455,-0.043426595628261566,3.7816925048828125,0.30908557772636414,0.3943295180797577,0.010945702902972698,0.2895326614379883,0.019098496064543724,0.7615591287612915,0.009436334483325481
456,-0.014568699523806572,3.950517177581787,0.17896269261837006,0.4147339463233948,0.006372543983161449,0.2853802442550659,0.01637537218630314,0.7730659246444702,0.006264875642955303
457,-0.05555679276585579,3.946901798248291,0.3276202082633972,0.4235100746154785,0.011819989420473576,0.33901873230934143,0.01593950018286705,0.785798966884613,0.011910143308341503
458,-0.03572426736354828,4.070572376251221,0.30258360505104065,0.42100438475608826,0.009023848921060562,0.35021859407424927,0.010157052427530289,0.803000271320343,0.007879960350692272
459,-0.03062506951391697,4.126077651977539,0.24534252285957336,0.41831427812576294,0.008911160752177238,0.3330393135547638,0.01052762195467949,0.8057848215103149,0.006040404085069895
460,-0.0010068255942314863,4.140149116516113,0.19222913682460785,0.43137916922569275,0.007180842570960522,0.314167857170105,0.009604467079043388,0.8036460876464844,0.0036749341525137424
461,0.008905239403247833,4.102286338806152,0.14459985494613647,0.4270196855068207,0.007046178914606571,0.31851062178611755,0.009466631338000298,0.7928897142410278,0.0032979485113173723
462,-0.03044135868549347,4.065049171447754,0.2492963671684265,0.4207974374294281,0.01045365072786808,0.28583359718322754,0.014419818297028542,0.7808839082717896,0.007345982827246189
463,-0.028085440397262573,4.0222272872924805,0.30027633905410767,0.4051688313484192,0.011160990223288536,0.27573734521865845,0.010591144673526287,0.7604500651359558,0.005009458400309086
464,-0.021549377590417862,4.018222332000732,0.2646680474281311,0.41767793893814087,0.009492280893027782,0.27475300431251526,0.012474002316594124,0.7714399099349976,0.004849365446716547
465,-0.007230149116367102,3.990790605545044,0.2022119015455246,0.41190069913864136,0.008160771802067757,0.29407045245170593,0.008718354627490044,0.7463377118110657,0.004191298969089985
466,-0.0493861585855484,3.875347137451172,0.2861536741256714,0.41652750968933105,0.010562492534518242,0.2765069305896759,0.013389429077506065,0.7269914746284485,0.006632333155721426
467,-0.015161511488258839,3.8805019855499268,0.23580941557884216,0.40677204728126526,0.007894626818597317,0.26828235387802124,0.010805750265717506,0.7186844944953918,0.003624333767220378
468,0.014415535144507885,3.795632839202881,0.0875365361571312,0.421802282333374,0.003782478393986821,0.28801465034484863,0.008648058399558067,0.7060809135437012,0.0022228993475437164
469,-0.012558603659272194,3.689896821975708,0.19582433998584747,0.3968074321746826,0.006375071592628956,0.26959073543548584,0.010199641808867455,0.6815574765205383,0.004499969072639942
470,-0.022311216220259666,3.5370800495147705,0.23754973709583282,0.3777729570865631,0.0069855982437729836,0.25362831354141235,0.010400338098406792,0.6523842215538025,0.0049562882632017136
471,-0.01766778901219368,3.3630199432373047,0.25425398349761963,0.3658248484134674,0.007887998595833778,0.21724657714366913,0.011959494091570377,0.6243603825569153,0.007456028368324041
472,-0.016344020143151283,3.2520995140075684,0.1915249526500702,0.37009626626968384,0.005354675464332104,0.23501212894916534,0.009656531736254692,0.6034111976623535,0.004463566932827234
473,-0.035900309681892395,3.081516742706299,0.39435505867004395,0.3348196744918823,0.007213185075670481,0.19560322165489197,0.010398226790130138,0.561306357383728,0.00900188647210598
474,-0.037177298218011856,2.9036707878112793,0.3185879588127136,0.32504767179489136,0.008050461299717426,0.18961234390735626,0.010875612497329712,0.5351261496543884,0.008586591109633446
475,-0.015256467275321484,2.710768938064575,0.1151217371225357,0.3114800453186035,0.006172713823616505,0.17365875840187073,0.01080857589840889,0.49996358156204224,0.006163665559142828
476,-0.028695549815893173,2.523904323577881,0.2376111000776291,0.28762125968933105,0.005982354283332825,0.13680952787399292,0.01229801308363676,0.4645022749900818,0.009172672405838966
477,-0.006984866224229336,2.391655921936035,0.12845444679260254,0.2631915211677551,0.0051980456337332726,0.1200278028845787,0.008867794647812843,0.4393131136894226,0.0046572694554924965
478,-0.03162726014852524,2.2112417221069336,0.2651865482330322,0.25003501772880554,0.006138152442872524,0.10902997106313705,0.010262636467814445,0.4127197861671448,0.006837350782006979
479,-0.015361569821834564,2.0325767993927,0.09786240011453629,0.23246924579143524,0.00609681848436594,0.1120084747672081,0.008187646977603436,0.38934528827667236,0.005493525415658951
480,-0.004106027539819479,1.9302972555160522,0.09476220607757568,0.2307620793581009,0.0033354335464537144,0.0950809121131897,0.008308680728077888,0.36717289686203003,0.005255240015685558
481,-0.03385074436664581,1.7572638988494873,0.22754885256290436,0.20326752960681915,0.009030630812048912,0.09835783392190933,0.010434749536216259,0.34001585841178894,0.009732607752084732
482,-0.026270365342497826,1.6694599390029907,0.2627876400947571,0.19336935877799988,0.006516008172184229,0.08036041259765625,0.008608030155301094,0.32537612318992615,0.0063409567810595036
483,-0.033924590796232224,1.5731194019317627,0.21845586597919464,0.1841467171907425,0.0050813863053917885,0.06620605289936066,0.009071959182620049,0.30058252811431885,0.007691650185734034
484,0.013943567872047424,1.4738566875457764,0.07033656537532806,0.17982731759548187,0.0028039286844432354,0.07616965472698212,0.00602028239518404,0.29328736662864685,0.003860757453367114
485,-0.018070045858621597,1.3835636377334595,0.14300774037837982,0.162216454744339,0.005684735719114542,0.07383109629154205,0.007126260548830032,0.27539539337158203,0.005873239133507013
486,-0.03472864627838135,1.2805761098861694,0.25083082914352417,0.1519162952899933,0.006291903555393219,0.05925853177905083,0.007603161968290806,0.25549060106277466,0.0100468834862113
487,-0.008574465289711952,1.2211066484451294,0.06838344037532806,0.1457728147506714,0.00372888520359993,0.05068252608180046,0.006000986322760582,0.24428120255470276,0.006765277590602636
488,-0.022227901965379715,1.1344592571258545,0.14861376583576202,0.1338653415441513,0.0065898289903998375,0.06185567378997803,0.008402981795370579,0.23716945946216583,0.008627546019852161
489,-0.046963244676589966,1.0559839010238647,0.3214595317840576,0.12502439320087433,0.009734820574522018,0.06785924732685089,0.0098615987226367,0.2251175343990326,0.013577738776803017
490,-0.05838485807180405,0.9839960336685181,0.3556083142757416,0.11866273730993271,0.008577825501561165,0.06174514442682266,0.00810791365802288,0.21708540618419647,0.01291150413453579
491,0.01254824735224247,0.9753674268722534,0.06057429686188698,0.11484335362911224,0.0027434576768428087,0.04913517087697983,0.005353386048227549,0.21628323197364807,0.003137623891234398
492,-0.021848326548933983,0.9149050712585449,0.2721938192844391,0.1075013279914856,0.004533699247986078,0.05501776188611984,0.0055324612185359,0.20578575134277344,0.008915725164115429
493,-0.023786475881934166,0.8799551725387573,0.2030043601989746,0.10835391283035278,0.00603897962719202,0.09209521859884262,0.005341579206287861,0.20430168509483337,0.007414226420223713
494,-0.0256210770457983,0.8554717898368835,0.2697629928588867,0.10442177951335907,0.0044817011803388596,0.08212466537952423,0.006317160092294216,0.1943092942237854,0.010002181865274906
495,-0.03340909630060196,0.8412864804267883,0.2781613767147064,0.09990627318620682,0.006377668585628271,0.08649714291095734,0.004850924015045166,0.19697293639183044,0.010782533325254917
496,-0.0157117061316967,0.8086498975753784,0.2563379406929016,0.08725567907094955,0.005352652631700039,0.0775151401758194,0.005013228394091129,0.19366095960140228,0.007780535612255335
497,-0.033195216208696365,0.8522884249687195,0.26708003878593445,0.10148962587118149,0.003720880951732397,0.11285487562417984,0.004950383212417364,0.1975574791431427,0.008747925981879234
498,-0.038447245955467224,0.8400670289993286,0.3134196400642395,0.09682349860668182,0.006662017200142145,0.11373928934335709,0.006610125303268433,0.19466659426689148,0.011849272064864635
499,-0.018186822533607483,0.8848329782485962,0.2155042439699173,0.09807400405406952,0.0048294044099748135,0.14519906044006348,0.005885767750442028,0.2063736468553543,0.006860071327537298
500,-0.02925344742834568,0.8500136137008667,0.2850194573402405,0.09181980788707733,0.006959493272006512,0.12836837768554688,0.00946294516324997,0.19534440338611603,0.012261000461876392
501,-0.018121834844350815,0.9308180809020996,0.1894344836473465,0.09355808794498444,0.004965459927916527,0.12525281310081482,0.010993877425789833,0.19594714045524597,0.010588912293314934
502,-0.015478497371077538,1.0480687618255615,0.19610588252544403,0.10457692295312881,0.0051673403941094875,0.188259094953537,0.012140020728111267,0.21629543602466583,0.010338224470615387
503,-0.01786867156624794,1.1327545642852783,0.2189563363790512,0.10815302282571793,0.005578973796218634,0.23074336349964142,0.015082156285643578,0.2161169797182083,0.00979267992079258
504,-0.017242396250367165,1.2014352083206177,0.28747132420539856,0.11683263629674911,0.0056493766605854034,0.2167690247297287,0.021972602233290672,0.22755709290504456,0.011404899880290031
505,-0.038763538002967834,1.2682695388793945,0.47619864344596863,0.12243856489658356,0.005932172294706106,0.24219131469726562,0.031613271683454514,0.22972245514392853,0.013893114402890205
506,-0.017702851444482803,1.493899941444397,0.2710205614566803,0.1491151601076126,0.003746353555470705,0.33119040727615356,0.027620861306786537,0.2565213441848755,0.009360465221107006
507,-0.009422263130545616,1.5784857273101807,0.29804807901382446,0.14701977372169495,0.004702509380877018,0.3141002953052521,0.032165899872779846,0.27878186106681824,0.009505100548267365
508,-0.0660952553153038,1.8072398900985718,0.596864640712738,0.1756426990032196,0.00861345510929823,0.4474598467350006,0.03765612095594406,0.2949811518192291,0.020427698269486427
509,-0.033323146402835846,2.0655252933502197,0.3041325807571411,0.2109684944152832,0.005067384336143732,0.5066295862197876,0.03730354830622673,0.33154189586639404,0.01197769958525896
510,-0.01291319914162159,2.094428300857544,0.32219889760017395,0.19983908534049988,0.003961300477385521,0.501615583896637,0.03610231354832649,0.343172550201416,0.009363045915961266
511,0.009144102223217487,2.3285446166992188,0.4045470654964447,0.21315841376781464,0.00391639769077301,0.6091758608818054,0.025253355503082275,0.35873135924339294,0.008572129532694817
512,-0.0679088830947876,2.6705269813537598,0.6454418301582336,0.23578989505767822,0.008361694402992725,0.674243152141571,0.02546287141740322,0.4048532545566559,0.01913870871067047
513,-0.029200291261076927,2.888582706451416,0.49494415521621704,0.2614816725254059,0.00751515943557024,0.7704823613166809,0.013933861628174782,0.426704466342926,0.015648990869522095
514,-0.011065068654716015,3.0538532733917236,0.45554643869400024,0.28011438250541687,0.006072963587939739,0.7985522150993347,0.008016561158001423,0.4608423113822937,0.011931579560041428
515,-0.026842013001441956,3.2886898517608643,0.5009707808494568,0.3029782474040985,0.006198640912771225,0.8307167291641235,0.004525118973106146,0.481184720993042,0.011344258673489094
516,-0.036420416086912155,3.4192352294921875,0.31704387068748474,0.31800538301467896,0.007265570107847452,0.8391555547714233,0.00815118569880724,0.5182031989097595,0.009169322438538074
517,-0.022234583273530006,3.6338837146759033,0.19017939269542694,0.33264240622520447,0.007634213659912348,0.8594726324081421,0.01507466472685337,0.5441646575927734,0.0062487078830599785
518,-0.044506896287202835,3.8038456439971924,0.46894341707229614,0.34638261795043945,0.01017625443637371,0.8602504730224609,0.027108347043395042,0.5696148872375488,0.008970365859568119
519,-0.0037255962379276752,3.970961093902588,0.26120415329933167,0.36305734515190125,0.00868983007967472,0.8723155856132507,0.030227825045585632,0.5892700552940369,0.006795567460358143
520,-0.02176368609070778,4.170994758605957,0.29216617345809937,0.3634245991706848,0.010674089193344116,0.8900954127311707,0.027449389919638634,0.6145015954971313,0.006803120020776987
521,-0.04799734428524971,4.426255702972412,0.3512684404850006,0.39709314703941345,0.011755458079278469,0.912375271320343,0.01811547949910164,0.6453670263290405,0.00882530864328146
522,-0.05023597553372383,4.613592147827148,0.5783913731575012,0.39719876646995544,0.012603593058884144,0.9144843816757202,0.01611235924065113,0.6720684766769409,0.00947767123579979
523,-0.029507389292120934,4.817470550537109,0.25062045454978943,0.41690269112586975,0.012780815362930298,0.9313058853149414,0.01246710680425167,0.6917837262153625,0.007403428666293621
524,-0.011101184412837029,5.02700138092041,0.24246355891227722,0.4293321967124939,0.008829315192997456,0.9475957751274109,0.009587232954800129,0.7187570333480835,0.00651645939797163
525,-0.01915549859404564,5.132537364959717,0.29980549216270447,0.45623522996902466,0.00913889892399311,0.9624553918838501,0.012652317993342876,0.7229162454605103,0.007792650256305933
526,0.005225876811891794,5.206128120422363,0.2802676260471344,0.45312896370887756,0.007493558339774609,0.9398791193962097,0.013028249144554138,0.7246401906013489,0.006018754560500383
527,-0.0415554977953434,5.133074760437012,0.550163984298706,0.4440285265445709,0.011298739351332188,0.8674783706665039,0.02186419442296028,0.7156530618667603,0.00726648885756731
528,-0.0004766063648276031,5.118405342102051,0.23205044865608215,0.45162874460220337,0.007535749115049839,0.8384108543395996,0.021198352798819542,0.7014240622520447,0.004614513833075762
529,-0.004337386693805456,4.9570112228393555,0.2690944969654083,0.4326573312282562,0.006982629187405109,0.7707608938217163,0.025142306461930275,0.6781602501869202,0.005064176861196756
530,-0.0407901406288147,4.775684356689453,0.4956646263599396,0.4224330484867096,0.011318900622427464,0.7313593029975891,0.027707915753126144,0.6479697227478027,0.008125239983201027
531,-0.04139716550707817,4.578482627868652,0.523385763168335,0.4063720107078552,0.010340636596083641,0.6485130190849304,0.033817604184150696,0.6174060702323914,0.00789550133049488
532,0.01564568281173706,4.431770324707031,0.19791409373283386,0.39922481775283813,0.005187721457332373,0.6194779276847839,0.028287936002016068,0.5952216982841492,0.004145342856645584
533,-0.032817527651786804,4.1118083000183105,0.41571009159088135,0.3723624348640442,0.00801034178584814,0.5460439920425415,0.03033098205924034,0.5481163859367371,0.0060630557127296925
534,-0.0072070942260324955,3.929384708404541,0.3950585126876831,0.33739328384399414,0.005883120931684971,0.46037396788597107,0.03244499862194061,0.512047290802002,0.006365054287016392
535,-0.009891201741993427,3.638500213623047,0.35845455527305603,0.31928011775016785,0.007066315971314907,0.42915982007980347,0.030301470309495926,0.4759305417537689,0.008358195424079895
536,-0.008641012944281101,3.4661688804626465,0.3318215310573578,0.293002188205719,0.005099089350551367,0.3761005401611328,0.027322251349687576,0.440324604511261,0.007528816349804401
537,-0.014949384145438671,3.2055275440216064,0.351145476102829,0.2727934718132019,0.0079906415194273,0.320711225271225,0.027070200070738792,0.4165008068084717,0.006170820444822311
538,-0.04742052033543587,2.912524461746216,0.5839053392410278,0.26253095269203186,0.008296376094222069,0.2932284474372864,0.027398133650422096,0.37986254692077637,0.008492065593600273
539,-0.011084595695137978,2.832724094390869,0.3277752101421356,0.22456255555152893,0.007402454502880573,0.25361576676368713,0.01967180334031582,0.35288652777671814,0.00666369404643774
540,-0.007920289412140846,2.592949151992798,0.25868120789527893,0.22514231503009796,0.0032497760839760303,0.20893029868602753,0.020595336332917213,0.3283434510231018,0.003398373257368803
541,-0.01726844534277916,2.338881731033325,0.3883354365825653,0.18612462282180786,0.009710559621453285,0.17413349449634552,0.02233993634581566,0.29703471064567566,0.007818945683538914
542,-0.008791922591626644,2.156759023666382,0.24391894042491913,0.17802694439888,0.005302966572344303,0.16016599535942078,0.017524732276797295,0.27148741483688354,0.004541599191725254
543,-0.02015986479818821,2.000354528427124,0.2626609802246094,0.14517703652381897,0.008319778367877007,0.09927765280008316,0.022805264219641685,0.2554970383644104,0.005142353940755129
544,-0.058718133717775345,1.728886604309082,0.48176541924476624,0.12575919926166534,0.01871873065829277,0.11303279548883438,0.020162463188171387,0.21768084168434143,0.010278323665261269
545,-0.0176199059933424,1.641381859779358,0.3009560704231262,0.11783931404352188,0.008807649835944176,0.07906273752450943,0.014633563347160816,0.2054344117641449,0.005477250553667545
546,-0.03146475553512573,1.466157078742981,0.39831963181495667,0.09331725537776947,0.015371805056929588,0.054427098482847214,0.018337102606892586,0.18158987164497375,0.01007148064672947
547,-0.01643785461783409,1.3842308521270752,0.2122509479522705,0.06797489523887634,0.014489811845123768,0.051460348069667816,0.011488256976008415,0.1718723475933075,0.005138247273862362
548,0.004279596731066704,1.2342993021011353,0.17720340192317963,0.057743094861507416,0.011022927239537239,0.025930991396307945,0.012235870584845543,0.1403253972530365,0.0077038975432515144
549,-0.0086811613291502,1.1441419124603271,0.16647392511367798,0.030682533979415894,0.01626775600016117,-0.015809698030352592,0.015365829691290855,0.12981227040290833,0.00783790647983551
550,0.0005208872025832534,1.01813805103302,0.08106528967618942,0.02821783721446991,0.01285568904131651,-0.035936139523983,0.016967173665761948,0.11390956491231918,0.006821790244430304
551,-0.03585407882928848,0.8729069828987122,0.20898166298866272,0.022235359996557236,0.0179954394698143,-0.03637804836034775,0.01751479133963585,0.1102713942527771,0.007934289053082466
552,-0.03972422331571579,0.7655841112136841,0.28856977820396423,0.019291091710329056,0.018722858279943466,-0.023368321359157562,0.015984803438186646,0.0987238734960556,0.010721087455749512
553,-0.009759651497006416,0.7200294733047485,0.13838699460029602,-0.008285155519843102,0.015604784712195396,-0.0400063619017601,0.011735616251826286,0.08217450976371765,0.007256583776324987
554,-0.007233752869069576,0.6313546299934387,0.12211688607931137,-0.013700095005333424,0.018382538110017776,-0.06286867707967758,0.014194302260875702,0.0741475522518158,0.006907633040100336
555,-0.015628572553396225,0.5420330762863159,0.1890612244606018,-0.0370602160692215,0.022544246166944504,-0.09719913452863693,0.016923891380429268,0.059377800673246384,0.010066011920571327
556,-0.007805856876075268,0.46273741126060486,0.10139410942792892,-0.025459090247750282,0.01713322475552559,-0.07800234854221344,0.01580447517335415,0.0586758553981781,0.010531239211559296
557,0.0018515072297304869,0.41342926025390625,0.11190249025821686,-0.04290636628866196,0.01676304265856743,-0.10286959260702133,0.016960743814706802,0.050862353295087814,0.008540051057934761
558,-0.061692893505096436,0.32933998107910156,0.37153393030166626,-0.052946269512176514,0.02518494799733162,-0.10613574087619781,0.018716275691986084,0.03474201634526253,0.014468953013420105
559,0.003893911838531494,0.30182021856307983,0.12481477856636047,-0.05013386160135269,0.01569831557571888,-0.09802348911762238,0.014281729236245155,0.04120057821273804,0.0071060932241380215
560,-0.023749379441142082,0.2391093224287033,0.22976328432559967,-0.06611314415931702,0.017772739753127098,-0.13190311193466187,0.01656293123960495,0.02900484763085842,0.009640096686780453
561,-0.025394558906555176,0.17219556868076324,0.17974191904067993,-0.06990639120340347,0.01924915239214897,-0.12122572958469391,0.01677386462688446,0.021482113748788834,0.011996513232588768
562,-0.008534843102097511,0.1426413506269455,0.15930351614952087,-0.07189367711544037,0.014913761988282204,-0.12163305282592773,0.015130432322621346,0.015236571431159973,0.009427102282643318
563,0.0021772042382508516,0.10844488441944122,0.11461660265922546,-0.08548922836780548,0.01740986481308937,-0.1272527277469635,0.01220373623073101,0.0142325758934021,0.006576138082891703
564,-0.0068597933277487755,0.07857347279787064,0.11716864258050919,-0.08131520450115204,0.01392904482781887,-0.11664752662181854,0.011561178602278233,0.011091439053416252,0.00737230759114027
565,-0.014993598684668541,0.04109674692153931,0.11686093360185623,-0.08514583110809326,0.013532862067222595,-0.11879082024097443,0.011618669144809246,0.012750303372740746,0.006733589805662632
566,-0.009479694068431854,0.023141536861658096,0.1593228131532669,-0.08868972212076187,0.015415921807289124,-0.13997741043567657,0.013431394472718239,0.0018184257205575705,0.0104090366512537
567,-0.03300339728593826,-0.004897984676063061,0.22519710659980774,-0.09515244513750076,0.01924149878323078,-0.14940451085567474,0.014269540086388588,-0.0022365576587617397,0.013776339590549469
568,-0.011453439481556416,0.0043943473137915134,0.16220088303089142,-0.09264187514781952,0.012680741026997566,-0.1334686577320099,0.012397479265928268,-4.41491611127276e-05,0.007725974079221487
569,-0.039977867156267166,-0.03697679191827774,0.19497506320476532,-0.09458589553833008,0.016978750005364418,-0.14714579284191132,0.015473177656531334,-0.0059827477671206,0.014576410874724388
570,-0.0062293182127177715,-0.021892650052905083,0.07374759018421173,-0.09738205373287201,0.012239090166985989,-0.14442023634910583,0.01161984447389841,-0.0010218562092632055,0.0085428012534976
571,0.013584671542048454,-0.02233043871819973,0.06656577438116074,-0.09318705648183823,0.01022337470203638,-0.13322435319423676,0.011327547021210194,0.004140865057706833,0.00756171066313982
572,-0.03174157813191414,-0.060420166701078415,0.17752327024936676,-0.08394551277160645,0.011740976944565773,-0.10302825272083282,0.011822779662907124,0.005871564615517855,0.01030783448368311
573,-0.047600068151950836,-0.08211903274059296,0.5210067629814148,-0.0992264598608017,0.018060509115457535,-0.14293982088565826,0.01719231903553009,-0.008245933800935745,0.020498093217611313
574,-0.02589349076151848,-0.03610196337103844,0.19857606291770935,-0.08740369975566864,0.01155008189380169,-0.12725651264190674,0.013033254072070122,-0.00036392323090694845,0.01274570357054472
575,-0.058381520211696625,-0.046755600720644,0.3283112943172455,-0.099746473133564,0.017034923657774925,-0.15587371587753296,0.01370151061564684,-0.0105208121240139,0.01967979408800602
576,-0.028045285493135452,-0.021227549761533737,0.22658173739910126,-0.09520144760608673,0.012279118411242962,-0.15237031877040863,0.015417436137795448,-0.009484654292464256,0.015611430630087852
577,0.0027767731808125973,-0.003935226704925299,0.08491809666156769,-0.09641589224338531,0.011330918408930302,-0.16301235556602478,0.014198836870491505,0.0032888769637793303,0.008742835372686386
578,0.0021983326878398657,-0.00905422680079937,0.08022142201662064,-0.09196873009204865,0.009645313955843449,-0.12821145355701447,0.011761120520532131,0.002088018227368593,0.009874748066067696
579,-0.025055816397070885,-0.01655740663409233,0.1588793247938156,-0.10219087451696396,0.014269846491515636,-0.15912482142448425,0.015345257706940174,-0.013638846576213837,0.01774325966835022
580,-0.01315351389348507,-0.00750301918014884,0.15837709605693817,-0.0917489305138588,0.011783728376030922,-0.1518315076828003,0.014251125045120716,-0.0030926561448723078,0.016419190913438797
581,-0.03301002457737923,-0.021080121397972107,0.36331501603126526,-0.09320570528507233,0.01544179581105709,-0.15065062046051025,0.017317328602075577,0.0042109498754143715,0.01654578372836113
582,-0.02080182358622551,0.00913468562066555,0.13042260706424713,-0.08127912133932114,0.009919354692101479,-0.11663214862346649,0.012982914224267006,0.022672194987535477,0.01191935408860445
583,-0.0130875613540411,0.0232612993568182,0.10345638543367386,-0.09061244875192642,0.011026079766452312,-0.13618724048137665,0.014173324219882488,0.014297368004918098,0.011361469514667988
584,-0.009739597328007221,0.026561062783002853,0.13351377844810486,-0.0933791995048523,0.012007000856101513,-0.15128490328788757,0.01603209599852562,0.012828493490815163,0.013138542883098125
585,-0.03790370374917984,-0.0042195795103907585,0.22710123658180237,-0.0824224203824997,0.014247892424464226,-0.11745961010456085,0.017646633088588715,0.021777775138616562,0.02001876011490822
586,-0.03367673605680466,0.015784692019224167,0.3526625335216522,-0.09059525281190872,0.01733868382871151,-0.12521860003471375,0.016887426376342773,0.02236899733543396,0.01907164976000786
587,-0.02618308737874031,0.04447177052497864,0.2841540277004242,-0.09206394851207733,0.013102049008011818,-0.1499532163143158,0.01835698075592518,0.006879113614559174,0.0191362202167511
588,-0.02301090955734253,0.04575153812766075,0.3109358549118042,-0.0808008685708046,0.010903406888246536,-0.1345507800579071,0.0180799700319767,0.019716214388608932,0.016913875937461853
589,-0.06424230337142944,0.012571091763675213,0.41463834047317505,-0.08679906278848648,0.016925370320677757,-0.15610109269618988,0.025076085701584816,-0.005710663739591837,0.03046497143805027
590,-0.01934896782040596,0.05406826734542847,0.18009190261363983,-0.07721218466758728,0.010290941223502159,-0.11644246429204941,0.01674947515130043,0.027905741706490517,0.018191762268543243
591,-0.009492592886090279,0.04621972143650055,0.20371350646018982,-0.08763526380062103,0.011992616578936577,-0.12820416688919067,0.018099352717399597,0.018564600497484207,0.018960285931825638
592,0.0037175151519477367,0.07846184074878693,0.11188686639070511,-0.08872703462839127,0.008974852040410042,-0.14915582537651062,0.01775318756699562,0.01457204669713974,0.014598378911614418
593,-0.018173037096858025,0.0612025260925293,0.1266702264547348,-0.07823361456394196,0.010628808289766312,-0.11129305511713028,0.017454126849770546,0.015722524374723434,0.020526599138975143
594,-0.032221369445323944,0.08200538903474808,0.16117888689041138,-0.08982274681329727,0.013930541463196278,-0.14798672497272491,0.020543700084090233,0.01247347705066204,0.0231210608035326
595,-0.023220468312501907,0.08035106211900711,0.20261316001415253,-0.07597056776285172,0.010697750374674797,-0.12905211746692657,0.021205153316259384,0.020395245403051376,0.018782567232847214
596,-0.003748821560293436,0.11615216732025146,0.13714759051799774,-0.08586028963327408,0.010979918763041496,-0.15589375793933868,0.021516773849725723,0.00688287103548646,0.019774651154875755
597,0.0047598956152796745,0.12025876343250275,0.08670292049646378,-0.08055522292852402,0.011238237842917442,-0.12476079165935516,0.01898321881890297,0.032698698341846466,0.013041378930211067
598,0.012041752226650715,0.15680788457393646,0.07875003665685654,-0.0724264606833458,0.007374835666269064,-0.1381656676530838,0.020398277789354324,0.02433248981833458,0.014067570678889751
599,-0.017131995409727097,0.14937111735343933,0.15609361231327057,-0.07027699798345566,0.010425672866404057,-0.11759380996227264,0.018996840342879295,0.03556700795888901,0.014389690943062305
600,-0.03632747381925583,0.13956888020038605,0.23447534441947937,-0.07086221128702164,0.014747684821486473,-0.13106492161750793,0.024459045380353928,0.034766241908073425,0.020112916827201843
601,-0.023543260991573334,0.1715579479932785,0.23743748664855957,-0.06321193277835846,0.012235050089657307,-0.12592144310474396,0.022188911214470863,0.0400676354765892,0.016210351139307022
602,0.00010368488437961787,0.20457911491394043,0.060214970260858536,-0.05553504079580307,0.009301978163421154,-0.09842453896999359,0.018251735717058182,0.0482877679169178,0.010863463394343853
603,-0.0019272059435024858,0.23320727050304413,0.08625968545675278,-0.06406436860561371,0.00970631092786789,-0.13694033026695251,0.02017114870250225,0.016160553321242332,0.01609041728079319
604,-0.018732652068138123,0.21460437774658203,0.12841281294822693,-0.05343865230679512,0.011597965843975544,-0.07754528522491455,0.017078833654522896,0.05914078280329704,0.013859903439879417
605,-0.010573250241577625,0.2321435958147049,0.10620887577533722,-0.0618106834590435,0.011259696446359158,-0.11476240307092667,0.018404925242066383,0.024146299809217453,0.017052775248885155
606,-0.010038458742201328,0.2890377342700958,0.13432471454143524,-0.0670427680015564,0.014084354043006897,-0.1236921176314354,0.018743744120001793,0.034062568098306656,0.013836470432579517
607,-0.015698829665780067,0.2653413712978363,0.273391991853714,-0.055108945816755295,0.011369031853973866,-0.12295818328857422,0.023152675479650497,0.039512742310762405,0.015135164372622967
608,-0.0030913124792277813,0.2784935235977173,0.11777011305093765,-0.048418574035167694,0.009617343544960022,-0.10280939191579819,0.015624324791133404,0.04340650886297226,0.013591756112873554
609,-0.014973023906350136,0.28200796246528625,0.1553434431552887,-0.04188033938407898,0.009878278709948063,-0.07298190146684647,0.01507211197167635,0.05250542610883713,0.01407582312822342
610,-0.007968737743794918,0.31519603729248047,0.15152998268604279,-0.05211349204182625,0.011928056366741657,-0.09525026381015778,0.014179795980453491,0.0366973951458931,0.012930450029671192
611,-0.03318222612142563,0.29276809096336365,0.2608310282230377,-0.038781434297561646,0.009659653529524803,-0.08528785407543182,0.017040755599737167,0.04538143426179886,0.017009781673550606
612,0.014099610969424248,0.34384685754776,0.07587636262178421,-0.040599483996629715,0.008556337095797062,-0.08248506486415863,0.013038119301199913,0.051432687789201736,0.00949619896709919
613,-0.027496907860040665,0.31257379055023193,0.232527494430542,-0.037861596792936325,0.010788139887154102,-0.08516466617584229,0.0166957788169384,0.04961936175823212,0.014521749690175056
614,-0.06639557331800461,0.30559641122817993,0.4288080334663391,-0.04247315227985382,0.013006064109504223,-0.08629338443279266,0.015772584825754166,0.03093043528497219,0.021196387708187103
615,-0.008920108899474144,0.31727179884910583,0.2416554093360901,-0.03122747503221035,0.010557257570326328,-0.058910466730594635,0.013274548575282097,0.057962577790021896,0.01383688859641552
616,-0.017675820738077164,0.3367549777030945,0.14351557195186615,-0.038747645914554596,0.009594464674592018,-0.08094002306461334,0.01464978326112032,0.05535103753209114,0.011504804715514183
617,-0.025305885821580887,0.29412516951560974,0.24432866275310516,-0.023637933656573296,0.008495267480611801,-0.054068583995103836,0.013130811974406242,0.05975402519106865,0.013921061530709267
618,-0.0313589945435524,0.31794482469558716,0.18890155851840973,-0.049074940383434296,0.01145391445606947,-0.09066647291183472,0.014732390642166138,0.03803843632340431,0.015336135402321815
619,-0.018520286306738853,0.3094593286514282,0.20575140416622162,-0.04022536426782608,0.011076709255576134,-0.08135891705751419,0.015061786398291588,0.04480423778295517,0.017050977796316147
620,-0.007414362393319607,0.31769150495529175,0.12971465289592743,-0.03367704153060913,0.007220053113996983,-0.08668310940265656,0.014660623855888844,0.047549761831760406,0.013049429282546043
621,0.0056244730949401855,0.3127821385860443,0.08271677792072296,-0.04292546957731247,0.008190231397747993,-0.08517306298017502,0.012955712154507637,0.04512489587068558,0.010685620829463005
622,-0.022680237889289856,0.28859612345695496,0.2795587182044983,-0.0387045294046402,0.010988404043018818,-0.06490984559059143,0.014118792489171028,0.04665946960449219,0.016308899968862534
623,-0.008163751102983952,0.335740864276886,0.12116459757089615,-0.038013529032468796,0.007716537918895483,-0.08002948760986328,0.013286322355270386,0.03954394534230232,0.013623803853988647
624,-0.005387079436331987,0.32057490944862366,0.05534771829843521,-0.027814913541078568,0.0074724615551531315,-0.05186716467142105,0.01079289149492979,0.0678284615278244,0.007865597493946552
625,0.0003835488168988377,0.3250241279602051,0.058104388415813446,-0.03737517073750496,0.007448944263160229,-0.09811520576477051,0.013944697566330433,0.050076913088560104,0.010979769751429558
626,0.0013139983639121056,0.3127139210700989,0.07536359876394272,-0.04306754469871521,0.009450895711779594,-0.07695932686328888,0.012714783661067486,0.05381135269999504,0.00936127733439207
627,-0.011696504428982735,0.3041204810142517,0.26584145426750183,-0.0378492996096611,0.009183510206639767,-0.05925573781132698,0.01212889514863491,0.05177104473114014,0.013034003786742687
628,-0.007982085458934307,0.29849764704704285,0.09613386541604996,-0.025303533300757408,0.007281835190951824,-0.05428222939372063,0.010721246711909771,0.056843437254428864,0.013229588977992535
629,-0.020272146910429,0.3161689043045044,0.13191846013069153,-0.03751510754227638,0.011799309402704239,-0.06253039836883545,0.012176292017102242,0.04443202167749405,0.016443615779280663
630,-0.013862868770956993,0.29726642370224,0.2597711384296417,-0.019948314875364304,0.007734627462923527,-0.04594908282160759,0.013764383271336555,0.07273493707180023,0.010663158260285854
631,-0.020964084193110466,0.3016427755355835,0.21348826587200165,-0.024792497977614403,0.007460174150764942,-0.05156388878822327,0.012865571305155754,0.06695472449064255,0.01306161843240261
632,-0.006029382813721895,0.3165551424026489,0.08328317850828171,-0.036176808178424835,0.00737449387088418,-0.08980897068977356,0.01430608332157135,0.04612963646650314,0.010682831518352032
633,-0.025715038180351257,0.2899729013442993,0.2315157651901245,-0.02467343583703041,0.007713094353675842,-0.048128657042980194,0.013156436383724213,0.05162438005208969,0.01659649796783924
634,-0.035682689398527145,0.2879874110221863,0.34629836678504944,-0.03333760052919388,0.011250906623899937,-0.0655447393655777,0.015035165473818779,0.060957007110118866,0.014168990775942802
635,-0.03663015738129616,0.26823052763938904,0.1848296970129013,-0.03255794197320938,0.009635334834456444,-0.06825779378414154,0.01494936365634203,0.048340242356061935,0.018849704414606094
636,-0.04171589016914368,0.2815372049808502,0.2883493900299072,-0.03705849498510361,0.010674630291759968,-0.0669729933142662,0.014964662492275238,0.04556841403245926,0.018040349707007408
637,-0.01016773097217083,0.2909514307975769,0.10628201067447662,-0.03814554214477539,0.006352575961500406,-0.08422505855560303,0.01360482256859541,0.04318428784608841,0.01397725474089384
638,-0.038327593356370926,0.2476135492324829,0.41077515482902527,-0.038884229958057404,0.01025823038071394,-0.06858740746974945,0.014440717175602913,0.046825110912323,0.01773199625313282
639,0.0032454258762300014,0.24753805994987488,0.07555104792118073,-0.033547475934028625,0.006135917268693447,-0.06354542076587677,0.011017347685992718,0.04615709185600281,0.012850399129092693
640,0.001801354461349547,0.2505287528038025,0.10199085623025894,-0.03150692954659462,0.006164455320686102,-0.05381017178297043,0.009777113795280457,0.058175574988126755,0.009620343334972858
641,-0.03550723195075989,0.20929618179798126,0.19989897310733795,-0.0368010476231575,0.011164585128426552,-0.061185866594314575,0.015001599676907063,0.05397096276283264,0.015377718023955822
642,0.003963257651776075,0.2795220613479614,0.05215553566813469,-0.05137325078248978,0.006963714025914669,-0.08691747486591339,0.010213149711489677,0.04127169027924538,0.009219282306730747
643,-0.01248466782271862,0.2453116923570633,0.11947915703058243,-0.041109196841716766,0.007741929497569799,-0.0776018351316452,0.012643757276237011,0.04857625439763069,0.010706964880228043
644,-0.006623856723308563,0.24518565833568573,0.18348003923892975,-0.042170412838459015,0.009303261525928974,-0.0615830197930336,0.00966686476022005,0.04382623732089996,0.014760595746338367
645,-0.016255581751465797,0.23485510051250458,0.16934442520141602,-0.040928151458501816,0.009031897410750389,-0.08650944381952286,0.013831540942192078,0.041692573577165604,0.016505148261785507
646,-0.020612239837646484,0.23177289962768555,0.3043922781944275,-0.038803283125162125,0.010929649695754051,-0.061892516911029816,0.012221327051520348,0.04869508743286133,0.016111794859170914
647,-0.028790634125471115,0.2043880671262741,0.3039979338645935,-0.0397697277367115,0.011295633390545845,-0.058562327176332474,0.012905913405120373,0.051113106310367584,0.018490435555577278
648,-0.0011009552981704473,0.26598644256591797,0.0498020276427269,-0.04623670130968094,0.008133087307214737,-0.08854784816503525,0.012286006473004818,0.037251196801662445,0.011340933851897717
649,-0.008496636524796486,0.25151509046554565,0.11830366402864456,-0.034996580332517624,0.008488462306559086,-0.055096786469221115,0.01008677203208208,0.051389507949352264,0.012373385950922966
650,-0.010207378305494785,0.22798924148082733,0.2475343942642212,-0.030960774049162865,0.008953092619776726,-0.06115969270467758,0.012603339739143848,0.05656534433364868,0.01403103955090046
651,-0.009862654842436314,0.24206694960594177,0.1864519566297531,-0.031810905784368515,0.00885539036244154,-0.05553643777966499,0.011952405795454979,0.05211746692657471,0.014787514694035053
652,-0.011789945885539055,0.22894498705863953,0.10358463227748871,-0.024542929604649544,0.009034053422510624,-0.046598661690950394,0.01212039589881897,0.06050892546772957,0.01390217524021864
653,-0.025884073227643967,0.21900999546051025,0.16687661409378052,-0.03759337216615677,0.01249360479414463,-0.05260757729411125,0.014680681750178337,0.05246623232960701,0.016649529337882996
654,-0.05142108350992203,0.2265344113111496,0.29378023743629456,-0.034455835819244385,0.013008492067456245,-0.06481806933879852,0.01862601563334465,0.04592522233724594,0.02248327061533928
655,-0.0059678927063941956,0.2548406422138214,0.13506187498569489,-0.03979901596903801,0.010794050991535187,-0.07605430483818054,0.013888964429497719,0.04751702398061752,0.01591678336262703
656,-0.043353717774152756,0.2535136342048645,0.258421927690506,-0.03505644202232361,0.012691378593444824,-0.05453038215637207,0.013555754907429218,0.0494321770966053,0.01886138878762722
657,-0.02921636775135994,0.27663445472717285,0.24532003700733185,-0.03347641974687576,0.011662840843200684,-0.0520441010594368,0.011543232947587967,0.05040692538022995,0.016833722591400146
658,-0.03599119931459427,0.2745983600616455,0.27967897057533264,-0.046736858785152435,0.013141609728336334,-0.08135537803173065,0.0152219757437706,0.04399365931749344,0.017515381798148155
659,-0.023459360003471375,0.2721462845802307,0.1958061158657074,-0.03575568646192551,0.012486159801483154,-0.06170199066400528,0.012998605147004128,0.053203582763671875,0.018131431192159653
660,-0.010095618665218353,0.30563420057296753,0.12234890460968018,-0.025527626276016235,0.006851659622043371,-0.045667074620723724,0.010648607276380062,0.05053253844380379,0.013333700597286224
661,-0.015621805563569069,0.28051891922950745,0.17719629406929016,-0.04057532176375389,0.00956065021455288,-0.08079202473163605,0.014024311676621437,0.04389467462897301,0.015767859295010567
662,-0.011254820041358471,0.28296032547950745,0.15321166813373566,-0.03195536881685257,0.007618223316967487,-0.05160252004861832,0.01048896461725235,0.0505560040473938,0.013794107362627983
663,-0.05315643548965454,0.25098592042922974,0.3252585828304291,-0.03797058016061783,0.01333338487893343,-0.053037531673908234,0.014044156298041344,0.03850561007857323,0.025535952299833298
664,-0.0029991629999130964,0.29464685916900635,0.09041468799114227,-0.019247600808739662,0.0061730146408081055,-0.026164427399635315,0.008071343414485455,0.06977462768554688,0.010563848540186882
665,-0.012034246698021889,0.27619296312332153,0.16445940732955933,-0.029236871749162674,0.007146970834583044,-0.042379673570394516,0.01036557462066412,0.043890781700611115,0.01654040440917015
666,-0.045987796038389206,0.25336554646492004,0.33907923102378845,-0.03536475449800491,0.012111971154808998,-0.056112825870513916,0.013729492202401161,0.03446101397275925,0.02459956519305706
667,-0.0006393619114533067,0.3110837936401367,0.049283746629953384,-0.0334700271487236,0.007220008876174688,-0.03768254071474075,0.007980862632393837,0.05625336244702339,0.009395474568009377
668,-0.019465584307909012,0.27431783080101013,0.21529608964920044,-0.031105458736419678,0.011279786005616188,-0.02700459025800228,0.009057426825165749,0.057693660259246826,0.014676381833851337
669,-0.026304418221116066,0.25289392471313477,0.19926594197750092,-0.022305984050035477,0.008169751614332199,-0.04216080158948898,0.01254606805741787,0.05195244029164314,0.021613338962197304
670,-0.007133054081350565,0.2904662489891052,0.08740805834531784,-0.026720672845840454,0.0074127777479588985,-0.041069354861974716,0.009629011154174805,0.04680782929062843,0.014858556911349297
671,-0.05126645416021347,0.24145206809043884,0.29470810294151306,-0.03750549256801605,0.014351988211274147,-0.05358358472585678,0.013416772708296776,0.04422864690423012,0.025940239429473877
672,-0.01196795143187046,0.2749534547328949,0.17347630858421326,-0.040106162428855896,0.009417991153895855,-0.038900040090084076,0.011270906776189804,0.04301309213042259,0.01388597209006548
673,-0.06822355836629868,0.2208973914384842,0.5335670709609985,-0.03505344316363335,0.01582362689077854,-0.039878666400909424,0.018548356369137764,0.055668361485004425,0.0214774701744318
674,-0.01546221412718296,0.265371710062027,0.28842252492904663,-0.03217170387506485,0.011284297332167625,-0.033575475215911865,0.011259040795266628,0.04948273301124573,0.018663959577679634
675,-0.0008706323569640517,0.30284154415130615,0.09652543812990189,-0.013763139955699444,0.005874297581613064,-0.0042890990152955055,0.007568649016320705,0.06528498232364655,0.009698247537016869
676,-0.007907257415354252,0.2932942807674408,0.08480500429868698,-0.022735923528671265,0.005693444516509771,-0.02646884322166443,0.009648054838180542,0.04646925628185272,0.013916285708546638
677,-0.011785049922764301,0.28625982999801636,0.13621178269386292,-0.030387569218873978,0.00964966882020235,-0.024337222799658775,0.010256469249725342,0.04961525276303291,0.016004931181669235
678,-0.03342883288860321,0.30865827202796936,0.1539739966392517,-0.021922994405031204,0.009271394461393356,-0.02745662070810795,0.013588713482022285,0.05264731124043465,0.017909111455082893
679,-0.02701159194111824,0.2812623381614685,0.1483381986618042,-0.02803441323339939,0.010164513252675533,-0.025234322994947433,0.011648421175777912,0.0450570173561573,0.015330580063164234
680,-0.019982995465397835,0.28137966990470886,0.1282825767993927,-0.029829049482941628,0.011019643396139145,-0.031505245715379715,0.013682047836482525,0.047735437750816345,0.016898807138204575
681,-0.03109479323029518,0.2867032587528229,0.2266358584165573,-0.028380807489156723,0.01100225280970335,-0.02154025062918663,0.011373701505362988,0.04518076777458191,0.01579420641064644
682,0.0010573127074167132,0.31274932622909546,0.1451331079006195,-0.011625250801444054,0.0077116056345403194,-0.0007562279934063554,0.010487089864909649,0.056195080280303955,0.012800952419638634
683,-0.02176070585846901,0.2808336615562439,0.20502778887748718,-0.024494299665093422,0.008870157413184643,-0.015535853803157806,0.012449180707335472,0.036077361553907394,0.018319230526685715
684,-0.010199878364801407,0.3033486306667328,0.16184796392917633,-0.019645649939775467,0.0127438735216856,0.013546310365200043,0.011320222169160843,0.05745311826467514,0.015354705043137074
685,-0.015421527437865734,0.31647011637687683,0.08921785652637482,-0.017171354964375496,0.010250051505863667,0.014293449930846691,0.009674717672169209,0.05866509675979614,0.01154958363622427
686,-0.0128429364413023,0.33132821321487427,0.1654137372970581,-0.017574043944478035,0.01029440388083458,0.007434005383402109,0.010329259559512138,0.06013696268200874,0.012712543830275536
687,-0.043502241373062134,0.29607096314430237,0.2842788100242615,-0.027508432045578957,0.014413965865969658,-0.004822509828954935,0.012799391523003578,0.043524716049432755,0.017421994358301163
688,-0.0023759431205689907,0.3426090180873871,0.1013459786772728,-0.002085066167637706,0.0065161315724253654,0.016779553145170212,0.011315569281578064,0.059793077409267426,0.01193663664162159
689,0.0036847672890871763,0.3582436144351959,0.05521697551012039,-0.00016183154366444796,0.006666676606982946,0.035914503037929535,0.008364012464880943,0.0700841173529625,0.00793546438217163
690,0.006548459175974131,0.35577017068862915,0.05688010901212692,-0.0006916506099514663,0.006228494457900524,0.038723625242710114,0.008454498834908009,0.06631815433502197,0.008471781387925148
691,-0.03848379850387573,0.32686561346054077,0.2319469451904297,-0.01615171507000923,0.01449795626103878,0.02691301703453064,0.011687634512782097,0.05286117270588875,0.016906362026929855
692,-0.014348556287586689,0.3664165139198303,0.20973412692546844,-0.006499932147562504,0.009961159899830818,0.029232272878289223,0.01043892465531826,0.06140320375561714,0.013174551539123058
693,-0.029924679547548294,0.3827105462551117,0.15211418271064758,-0.008923818357288837,0.012516233138740063,0.021694365888834,0.013098192401230335,0.056138597428798676,0.013822880573570728
694,-0.02651587687432766,0.3901616632938385,0.25982826948165894,-0.013540148735046387,0.015586182475090027,0.03193832188844681,0.012010383419692516,0.06166377663612366,0.015068190172314644
695,-0.014450264163315296,0.4191233217716217,0.1721361130475998,-0.0031080017797648907,0.012437505647540092,0.04576987773180008,0.010007984936237335,0.06387021392583847,0.011872531846165657
696,-0.029371213167905807,0.3945428133010864,0.16895043849945068,0.0001666717289481312,0.010848323814570904,0.046869851648807526,0.011641996912658215,0.061972908675670624,0.016647234559059143
697,0.0005921779084019363,0.4548594057559967,0.04188117757439613,0.0004526998964138329,0.00928570982068777,0.04268234968185425,0.009792081080377102,0.07238467037677765,0.007776342332363129
698,-0.00481071975082159,0.4661802351474762,0.07854630798101425,0.007572582457214594,0.008059261366724968,0.06041444465517998,0.008200769312679768,0.06847263872623444,0.010008536279201508
699,-0.027071604505181313,0.4288765788078308,0.27008017897605896,0.0019273227080702782,0.012725785374641418,0.05139533430337906,0.014168250374495983,0.06885761022567749,0.014746327884495258
700,-0.036288321018218994,0.44251227378845215,0.30297592282295227,0.014399796724319458,0.011105850338935852,0.060989029705524445,0.012013505212962627,0.07182137668132782,0.014423857443034649
701,-0.024952435865998268,0.45797738432884216,0.22043201327323914,0.010038034990429878,0.01094074361026287,0.07512609660625458,0.009572198614478111,0.0696442723274231,0.012994852848351002
702,-0.0035695605911314487,0.46328186988830566,0.09602116793394089,0.009761892259120941,0.009424314834177494,0.06960848718881607,0.010293373838067055,0.07123535126447678,0.011416586115956306
703,-0.011939945630729198,0.4679974615573883,0.11504901945590973,0.01569969207048416,0.009818075224757195,0.0648946538567543,0.015570545569062233,0.07351313531398773,0.010967828333377838
704,-0.03368251770734787,0.481839120388031,0.23154112696647644,0.011464047245681286,0.012327631935477257,0.05877908319234848,0.013918930664658546,0.07223589718341827,0.013882691971957684
705,-0.010555767454206944,0.5257395505905151,0.07692460715770721,0.0003353566862642765,0.010652090422809124,0.041241616010665894,0.0148393539711833,0.07161619514226913,0.009407209232449532
706,-0.0069145821034908295,0.5160908699035645,0.10680286586284637,0.020006733015179634,0.008645599707961082,0.07351519167423248,0.012557444162666798,0.07778888940811157,0.011760115623474121
707,-0.01440991647541523,0.5310872793197632,0.14727309346199036,0.02244221791625023,0.008184398524463177,0.084563247859478,0.012047367170453072,0.07038268446922302,0.014322789385914803
708,-0.027160044759511948,0.51194828748703,0.262496680021286,0.018123488873243332,0.010702592320740223,0.07288216799497604,0.014933103695511818,0.07134158909320831,0.015233904123306274
709,-0.026945481076836586,0.5422198176383972,0.21823088824748993,0.008060244843363762,0.009999486617743969,0.05363821983337402,0.01652011089026928,0.06165691465139389,0.013140248134732246
710,0.006187639199197292,0.5655234456062317,0.11292153596878052,0.023220527917146683,0.008534302935004234,0.07819202542304993,0.013172212056815624,0.07707689702510834,0.010647298768162727
711,-0.03738320991396904,0.548618733882904,0.2430814653635025,0.029352951794862747,0.009002179838716984,0.08976969867944717,0.014394789934158325,0.08037947118282318,0.014668191783130169
712,-0.0252818763256073,0.5548396110534668,0.23926441371440887,0.0303784366697073,0.011887001805007458,0.10229208320379257,0.013886448927223682,0.09042265266180038,0.01219455897808075
713,-0.004338142927736044,0.6082748770713806,0.10287368297576904,0.0413016676902771,0.004472467582672834,0.09835133701562881,0.010131162591278553,0.08931136131286621,0.00790069717913866
714,-0.03438708186149597,0.570942223072052,0.22263626754283905,0.02840440347790718,0.011733973398804665,0.10307247936725616,0.0146153150126338,0.08045122772455215,0.012533235363662243
715,-0.0016186113934963942,0.5905407071113586,0.15197713673114777,0.03152666240930557,0.00843885075300932,0.1145780086517334,0.012499868869781494,0.08393757045269012,0.01119882520288229
716,-0.03715682774782181,0.5839599370956421,0.2222466617822647,0.03056822344660759,0.008679691702127457,0.09818468987941742,0.013427185826003551,0.07339227199554443,0.0129861356690526
717,0.0006744060665369034,0.6147381067276001,0.07725166529417038,0.02772323414683342,0.007214737124741077,0.10470525175333023,0.011500420048832893,0.07611919194459915,0.009935226291418076
718,-0.03507325425744057,0.5998713970184326,0.2249763160943985,0.0373590812087059,0.008790099993348122,0.11477072536945343,0.012369013391435146,0.08698569983243942,0.011881275102496147
719,-0.0036442584823817015,0.6417051553726196,0.05055797100067139,0.04174891114234924,0.004494579508900642,0.11658773571252823,0.009663989767432213,0.08197474479675293,0.009397724643349648
720,-0.032363541424274445,0.6036503911018372,0.1996411383152008,0.01969805732369423,0.011788714677095413,0.10382060706615448,0.011540472507476807,0.06864599883556366,0.013894696719944477
721,-0.018594061955809593,0.6246487498283386,0.11721115559339523,0.024457860738039017,0.009342191740870476,0.10609813034534454,0.01354527473449707,0.08056990057229996,0.007663687225431204
722,-0.01619120128452778,0.6212825179100037,0.1020035520195961,0.031787507236003876,0.008271445520222187,0.11436661332845688,0.012484332546591759,0.08450533449649811,0.009777364321053028
723,-0.003927539102733135,0.6355486512184143,0.10598302632570267,0.03678782284259796,0.008214499801397324,0.1275457888841629,0.010281679220497608,0.08867110311985016,0.009063338860869408
724,-0.016134994104504585,0.6412309408187866,0.1306646317243576,0.03539033979177475,0.008627143688499928,0.13816367089748383,0.00991053320467472,0.08117196708917618,0.01012009009718895
725,-0.009121622890233994,0.6387895345687866,0.19423678517341614,0.039585232734680176,0.007524802349507809,0.13654570281505585,0.011485862545669079,0.08496592938899994,0.011075487360358238
726,0.0013161369133740664,0.6661473512649536,0.08479207754135132,0.059382565319538116,0.006893241312354803,0.17387205362319946,0.007904891856014729,0.11231404542922974,0.006470852997153997
727,-0.019167250022292137,0.6576390862464905,0.12133601307868958,0.04509969800710678,0.009212924167513847,0.1537790149450302,0.00916577223688364,0.0925377756357193,0.011828523129224777
728,0.008627874776721,0.6950038075447083,0.058996643871068954,0.0446658730506897,0.005570156965404749,0.15109118819236755,0.008654068224132061,0.08743496239185333,0.0075677186250686646
729,-0.04512741416692734,0.6560769081115723,0.36990517377853394,0.03989771753549576,0.01136568933725357,0.14897389709949493,0.010924371890723705,0.07734836637973785,0.015377220697700977
730,-0.023804880678653717,0.6782862544059753,0.2174360305070877,0.04664599150419235,0.008360501378774643,0.15637549757957458,0.010819248855113983,0.08921582996845245,0.012789753265678883
731,-0.008812787011265755,0.6858862042427063,0.17982913553714752,0.04270132631063461,0.0069201341830194,0.1500512808561325,0.011109152808785439,0.07986166328191757,0.01134289801120758
732,-0.0028279453981667757,0.6918493509292603,0.06571105867624283,0.059001874178647995,0.006508131977170706,0.18917064368724823,0.007901588454842567,0.10259179025888443,0.00902415532618761
733,0.0046785445883870125,0.7106374502182007,0.1011800691485405,0.03769422322511673,0.008036929182708263,0.15132474899291992,0.009447259828448296,0.09058551490306854,0.009628656320273876
734,0.0025677301455289125,0.7266536951065063,0.04599851369857788,0.054088372737169266,0.00405383575707674,0.17015261948108673,0.007295838091522455,0.09993893653154373,0.006687459535896778
735,-0.0019724953453987837,0.7401580214500427,0.08671504259109497,0.048993948847055435,0.004722822457551956,0.1679312288761139,0.0077072433196008205,0.08839306235313416,0.009550708346068859
736,-0.016417155042290688,0.734350323677063,0.20725983381271362,0.05369957163929939,0.006929987575858831,0.1778278648853302,0.008563116192817688,0.10420449078083038,0.008844226598739624
737,-0.006382138933986425,0.7438052296638489,0.10505684465169907,0.05634341388940811,0.006182787008583546,0.18481948971748352,0.006275932304561138,0.10604090988636017,0.007124206982553005
738,0.0020716157741844654,0.7461838126182556,0.06399708241224289,0.05390452593564987,0.006458817981183529,0.17566707730293274,0.009707951918244362,0.10071976482868195,0.008414516225457191
739,0.010782543569803238,0.7495788931846619,0.12886618077754974,0.05069822072982788,0.0060539632104337215,0.17510218918323517,0.008043001405894756,0.09889315068721771,0.010142495855689049
740,-0.011958781629800797,0.7570701241493225,0.0878366082906723,0.03836642950773239,0.007798476610332727,0.16251865029335022,0.010052981786429882,0.08493682742118835,0.012734757736325264
741,-0.015936220064759254,0.7544866800308228,0.12988385558128357,0.05139936879277229,0.007523318286985159,0.18515291810035706,0.008496761322021484,0.11067614704370499,0.009058427065610886
742,-0.012378931976854801,0.7848215699195862,0.08852516114711761,0.042641617357730865,0.007531060371547937,0.1678651124238968,0.009102114476263523,0.08649256825447083,0.01166379265487194
743,-0.024797234684228897,0.7550864815711975,0.21907618641853333,0.05079842731356621,0.008701974526047707,0.17227225005626678,0.009181519970297813,0.10040901601314545,0.012690983712673187
744,-0.005737094674259424,0.7531144618988037,0.12706324458122253,0.055372703820466995,0.00724818417802453,0.17829017341136932,0.009570343419909477,0.09878166019916534,0.011509621515870094
745,-0.04439486935734749,0.727986216545105,0.3040170669555664,0.0454230010509491,0.012634404003620148,0.16698603332042694,0.011440631933510303,0.10762351751327515,0.01243358850479126
746,0.010447204113006592,0.7761999368667603,0.0535852313041687,0.06693568825721741,0.005041462369263172,0.1911417692899704,0.007301333360373974,0.10798249393701553,0.009435253217816353
747,0.00535766314715147,0.7861379981040955,0.057513363659381866,0.06704621016979218,0.005258834455162287,0.19362682104110718,0.0069622984156012535,0.11093634366989136,0.008353961631655693
748,-0.03715682774782181,0.764423668384552,0.305210143327713,0.06315337121486664,0.008106129243969917,0.19091320037841797,0.010252527892589569,0.10465440899133682,0.015355395153164864
749,-0.0013004111824557185,0.7863122224807739,0.07920924574136734,0.07116987556219101,0.005328639410436153,0.20119769871234894,0.00670065451413393,0.11131014674901962,0.009527073241770267
750,-0.001832279609516263,0.8001767992973328,0.09413237124681473,0.062413714826107025,0.005401239730417728,0.18466797471046448,0.0077146077528595924,0.10217592865228653,0.011822761967778206
751,-0.015305417589843273,0.7657755613327026,0.2659159004688263,0.06576412916183472,0.007706287316977978,0.19164472818374634,0.008901621215045452,0.09870760142803192,0.0159141942858696
752,-0.03717318922281265,0.7577101588249207,0.3069325387477875,0.053854845464229584,0.008737888187170029,0.1815483123064041,0.00975922029465437,0.10107944905757904,0.01756017841398716
753,-0.00438574468716979,0.7779756188392639,0.12339833378791809,0.06470637768507004,0.005050881765782833,0.1822253316640854,0.00795494019985199,0.1053331270813942,0.011799529194831848
754,-0.04192323237657547,0.7331753969192505,0.3059200346469879,0.0503975935280323,0.010368130169808865,0.181758850812912,0.011221217922866344,0.09561119228601456,0.01768643781542778
755,-0.0021506589837372303,0.7499549388885498,0.1222667247056961,0.051676757633686066,0.007523234002292156,0.17627012729644775,0.010122202336788177,0.10639586299657822,0.012226426973938942
756,-0.012087669223546982,0.7560566067695618,0.186370849609375,0.059950053691864014,0.006497612688690424,0.1743263304233551,0.0083048976957798,0.09879572689533234,0.016704078763723373
757,-0.01152461115270853,0.761919379234314,0.12286244332790375,0.05525562912225723,0.0065944744274020195,0.1573752462863922,0.009599518962204456,0.09740497916936874,0.011445248499512672
758,-0.01762157306075096,0.7360231280326843,0.24742060899734497,0.046514980494976044,0.008732841350138187,0.1573246717453003,0.008979177102446556,0.09100387990474701,0.015283343382179737
759,-0.006043432746082544,0.7521924376487732,0.1336529552936554,0.052290428429841995,0.006993919610977173,0.14959827065467834,0.009169083088636398,0.08781623095273972,0.011831169947981834
760,0.0018492329400032759,0.7580690979957581,0.13838531076908112,0.05132751911878586,0.0065713017247617245,0.16120260953903198,0.009032545611262321,0.10192744433879852,0.010316689498722553
761,-0.012644177302718163,0.746778130531311,0.15297318994998932,0.05243239551782608,0.008148977532982826,0.16087667644023895,0.008452998474240303,0.08620738238096237,0.015135479159653187
762,-0.01612115278840065,0.7499630451202393,0.12664996087551117,0.05115687847137451,0.0073867784813046455,0.16096243262290955,0.008578842505812645,0.09868482500314713,0.014837542548775673
763,-0.0032450712751597166,0.7515758275985718,0.07386396080255508,0.06521014124155045,0.006538571324199438,0.1709803342819214,0.008240423165261745,0.10752272605895996,0.010878720320761204
764,-0.01791246421635151,0.7353156805038452,0.14502473175525665,0.05911979824304581,0.007378877606242895,0.16775880753993988,0.008929724805057049,0.10123457759618759,0.014461718499660492
765,-0.019832735881209373,0.7268919944763184,0.12188924849033356,0.04140627011656761,0.007591079920530319,0.1417149156332016,0.010787892155349255,0.07999122142791748,0.01641564629971981
766,0.010428659617900848,0.7588374614715576,0.07675496488809586,0.0602426752448082,0.005200161598622799,0.1646542251110077,0.006761410739272833,0.10169588029384613,0.010009082965552807
767,-0.0005925853038206697,0.7485357522964478,0.07354333996772766,0.05421794578433037,0.007032753434032202,0.1818544715642929,0.008460631594061852,0.10698447376489639,0.010328197851777077
768,-0.034695692360401154,0.7266983389854431,0.3536597192287445,0.05042772740125656,0.009068484418094158,0.1640891283750534,0.008208485320210457,0.0811716765165329,0.02042563073337078
769,-0.013476788997650146,0.7592507004737854,0.1254570186138153,0.06262119114398956,0.007076242472976446,0.16998805105686188,0.008882520720362663,0.09000982344150543,0.017641844227910042
770,-0.019458342343568802,0.759516179561615,0.092801533639431,0.05710234493017197,0.007248186971992254,0.16624748706817627,0.008481350727379322,0.08614189922809601,0.01631677895784378
771,-0.05586538836359978,0.728591799736023,0.35977524518966675,0.058676403015851974,0.010512558743357658,0.1741049736738205,0.010152501054108143,0.0846613422036171,0.02523082122206688
772,-0.013705763034522533,0.7645925879478455,0.1710546910762787,0.07144287973642349,0.008388323709368706,0.18966102600097656,0.00999431498348713,0.11744347959756851,0.010735893622040749
773,0.002126406878232956,0.7855435609817505,0.06583636999130249,0.07117031514644623,0.005683805327862501,0.19035080075263977,0.007194907404482365,0.10188359022140503,0.011259394697844982
774,-0.005869648419320583,0.7761949300765991,0.14383473992347717,0.061055876314640045,0.007878758944571018,0.17003050446510315,0.008996710181236267,0.09450827538967133,0.010994499549269676
775,-0.007094980217516422,0.7794009447097778,0.06994479149580002,0.06972896307706833,0.005191816948354244,0.18424014747142792,0.006847156677395105,0.10219067335128784,0.010821690782904625
776,-0.010438508354127407,0.7852452993392944,0.13978849351406097,0.06563831865787506,0.007825244218111038,0.18848952651023865,0.008524244651198387,0.09671632945537567,0.012148687615990639
777,-0.022133996710181236,0.7622947096824646,0.13302217423915863,0.0683661475777626,0.009610365144908428,0.18200230598449707,0.009473351761698723,0.10473676770925522,0.01238842774182558
778,-0.004486574791371822,0.7669879198074341,0.06673470139503479,0.06888978183269501,0.006845906376838684,0.19628135859966278,0.008743342012166977,0.10406400263309479,0.011880998499691486
779,-0.025998592376708984,0.7392874956130981,0.17092183232307434,0.05563437193632126,0.010494204238057137,0.16790202260017395,0.011698574759066105,0.09347923845052719,0.01525821816176176
780,-0.04030430689454079,0.7328729033470154,0.33003413677215576,0.064727783203125,0.009328069165349007,0.18812279403209686,0.009239083155989647,0.09809629619121552,0.01664324477314949
781,-0.03382541984319687,0.7242854833602905,0.32227155566215515,0.05252305418252945,0.011620410718023777,0.17977289855480194,0.011755365878343582,0.09539512544870377,0.015845265239477158
782,-0.006721821613609791,0.7556547522544861,0.08000195771455765,0.05134027451276779,0.007728631608188152,0.1681724339723587,0.01061540562659502,0.08929018676280975,0.012282347306609154
783,-0.0018312304746359587,0.7394644021987915,0.09084947407245636,0.06998316198587418,0.006112785078585148,0.1833328902721405,0.008851943537592888,0.10028769820928574,0.011169914156198502
784,-0.0021195642184466124,0.766157329082489,0.10768816620111465,0.06237984448671341,0.006689791567623615,0.18914227187633514,0.006017387844622135,0.09433667361736298,0.009815010242164135
785,-0.019986167550086975,0.7297595143318176,0.19137383997440338,0.05759266018867493,0.008789019659161568,0.17124977707862854,0.010804634541273117,0.0911829024553299,0.013768528588116169
786,-0.02880133129656315,0.7330073118209839,0.232767254114151,0.0578201599419117,0.01023746095597744,0.18987388908863068,0.009914551861584187,0.09485986828804016,0.013292213901877403
787,-0.006072067655622959,0.7596596479415894,0.09428142011165619,0.07567684352397919,0.006677067838609219,0.2081604301929474,0.00796349998563528,0.1166776642203331,0.011094046756625175
788,-7.394627027679235e-05,0.7709624171257019,0.11953485757112503,0.07269170135259628,0.007365730591118336,0.20251917839050293,0.006603694520890713,0.11706819385290146,0.00914023257791996
789,-0.011508196592330933,0.7425596117973328,0.08913280069828033,0.06187475472688675,0.009003730490803719,0.19194719195365906,0.008749306201934814,0.10137343406677246,0.011503564193844795
790,-0.0058774398639798164,0.7788978219032288,0.054502736777067184,0.05781056359410286,0.006888262927532196,0.186475470662117,0.006230741273611784,0.09340842068195343,0.008967733010649681
791,-0.005185003392398357,0.7514483332633972,0.12126806378364563,0.05702785402536392,0.008697496727108955,0.1854664385318756,0.011303840205073357,0.09551085531711578,0.014527775347232819
792,-0.0027260524220764637,0.7875674962997437,0.0678793340921402,0.07267458736896515,0.005795708391815424,0.20918306708335876,0.006879848428070545,0.10392527282238007,0.00981338880956173
793,-0.005713030695915222,0.7999299168586731,0.0899941697716713,0.06778714805841446,0.007148812059313059,0.20066554844379425,0.007559979800134897,0.09498200565576553,0.01073293574154377
794,-0.013818752951920033,0.7811072468757629,0.11361121386289597,0.07462984323501587,0.008342492394149303,0.2164238691329956,0.0071093374863266945,0.10303346812725067,0.01233980804681778
795,-0.06376861035823822,0.7754408121109009,0.3473322093486786,0.07362471520900726,0.012856279499828815,0.22467119991779327,0.009926018305122852,0.10381875187158585,0.015668321400880814
796,-0.01780593767762184,0.8152191042900085,0.17544762790203094,0.07530196756124496,0.008955019526183605,0.22282257676124573,0.007125895470380783,0.10723501443862915,0.010133937932550907
797,-0.01471314113587141,0.8117941617965698,0.15480975806713104,0.06883890926837921,0.009303318336606026,0.21430329978466034,0.00968399178236723,0.09847532212734222,0.01066570170223713
798,-0.009290041401982307,0.804435133934021,0.08467023819684982,0.08465664833784103,0.007506397552788258,0.22798386216163635,0.007043139077723026,0.11559586226940155,0.009856835007667542
799,0.004656266421079636,0.817764401435852,0.04670378193259239,0.0717189684510231,0.005281479097902775,0.21839646995067596,0.006049893796443939,0.1000356674194336,0.008353088982403278
800,-0.0007570512825623155,0.810530960559845,0.11488276720046997,0.06578429788351059,0.009938190691173077,0.22455787658691406,0.007278559263795614,0.10356124490499496,0.01056272629648447
801,0.005507106892764568,0.8209754824638367,0.05538429319858551,0.09784594923257828,0.00482147466391325,0.24399980902671814,0.005063687916845083,0.11605658382177353,0.008741393685340881
802,-0.01112048514187336,0.8228286504745483,0.0836465060710907,0.08134128153324127,0.0074197412468492985,0.2327078878879547,0.007168293930590153,0.10113193094730377,0.010447407141327858
803,-0.01539977639913559,0.8535234332084656,0.10291419923305511,0.08094747364521027,0.00979574490338564,0.23764006793498993,0.006479774601757526,0.10489325225353241,0.010502194985747337
804,0.006022913847118616,0.8609161376953125,0.05998063459992409,0.09560364484786987,0.0058234622702002525,0.24791792035102844,0.006366766057908535,0.11565490812063217,0.009609081782400608
805,-0.0036196268629282713,0.8663125038146973,0.06387528777122498,0.08534129709005356,0.008605354465544224,0.24315805733203888,0.005571448709815741,0.10730882734060287,0.008939264342188835
806,0.010189850814640522,0.8883053660392761,0.06270884722471237,0.08522411435842514,0.007085271179676056,0.25276535749435425,0.006592984311282635,0.11449199914932251,0.00747027387842536
807,-0.009569800458848476,0.9003801345825195,0.15768013894557953,0.09425590932369232,0.007173711899667978,0.2608654499053955,0.005436106584966183,0.11555568873882294,0.009941834956407547
808,-0.007270796690136194,0.8972814679145813,0.14327766001224518,0.09877058863639832,0.007215343415737152,0.2656862735748291,0.0072984108701348305,0.1151375025510788,0.011838816106319427
809,-0.03781260922551155,0.9019614458084106,0.29873913526535034,0.10603083670139313,0.010629760101437569,0.262837678194046,0.009154126979410648,0.10770095884799957,0.01587202027440071
810,0.001773339114151895,0.9274090528488159,0.0857878103852272,0.09432189911603928,0.007591370493173599,0.27894189953804016,0.005140648223459721,0.11423953622579575,0.0095466123893857
811,0.008130274713039398,0.9459797739982605,0.04663557931780815,0.10166923701763153,0.007601447403430939,0.2893775403499603,0.0069581554271280766,0.12358956038951874,0.007937519811093807
812,-0.010009260848164558,0.9508587718009949,0.0897618755698204,0.0962115228176117,0.00852973386645317,0.28600066900253296,0.005809853319078684,0.11503877490758896,0.010513601824641228
813,0.002835724037140608,0.9837789535522461,0.09074100852012634,0.10496000200510025,0.008414477109909058,0.2837032675743103,0.006276313215494156,0.11856959760189056,0.00867887306958437
814,-0.03669393062591553,0.9812835454940796,0.20220252871513367,0.11203372478485107,0.009759883396327496,0.2875758111476898,0.008948655799031258,0.11347131431102753,0.014529936015605927
815,-0.042532626539468765,0.9735353589057922,0.2413499653339386,0.11011309921741486,0.010977862402796745,0.2907123565673828,0.007975548505783081,0.109782874584198,0.0148561866953969
816,0.0017199460417032242,1.0179903507232666,0.08215887099504471,0.11647269874811172,0.009213754907250404,0.3094860017299652,0.006031428929418325,0.1256861835718155,0.0088434386998415
817,-0.061147116124629974,0.958966076374054,0.4555545151233673,0.10881912708282471,0.014220247976481915,0.29372578859329224,0.008813070133328438,0.12150188535451889,0.017231997102499008
818,-0.03552905470132828,0.9870678186416626,0.2671600580215454,0.11783023178577423,0.012402168475091457,0.2994844913482666,0.007493971381336451,0.1257505714893341,0.011565001681447029
819,-0.023123007267713547,0.9759374856948853,0.1660638451576233,0.11436152458190918,0.010902641341090202,0.2873395085334778,0.007882574573159218,0.11817361414432526,0.012268513441085815
820,-0.011639334261417389,1.0099124908447266,0.08463431149721146,0.11408944427967072,0.010675681754946709,0.27401506900787354,0.006342311389744282,0.12258142232894897,0.008720857091248035
821,-0.0288920346647501,0.965746283531189,0.2515353262424469,0.11623265594244003,0.010052105411887169,0.2661600708961487,0.00903716403990984,0.12195662409067154,0.009848950430750847
822,-0.046698518097400665,0.9333030581474304,0.19607383012771606,0.09320693463087082,0.017676236107945442,0.2550652027130127,0.00933154858648777,0.1108570322394371,0.015442835167050362
823,-0.03673306852579117,0.9623778462409973,0.17644302546977997,0.09988714754581451,0.015102299861609936,0.24297483265399933,0.009396356530487537,0.11490098387002945,0.012895074672996998
824,0.018294181674718857,1.0164520740509033,0.05202456936240196,0.1076369509100914,0.008549243211746216,0.2537260055541992,0.004246779717504978,0.12215743958950043,0.007313241716474295
825,-0.01579010859131813,0.9983126521110535,0.16480326652526855,0.11802103370428085,0.008493125438690186,0.2322329729795456,0.006774148903787136,0.1144399642944336,0.009722530841827393
826,-0.026517119258642197,0.9393957853317261,0.14008429646492004,0.10085978358983994,0.013236867263913155,0.23095926642417908,0.010552549734711647,0.1177634745836258,0.012928086332976818
827,-0.016239257529377937,0.968849778175354,0.18977217376232147,0.09750747680664062,0.009201636537909508,0.24142535030841827,0.00643888721242547,0.12416508048772812,0.01038375124335289
828,0.008456358686089516,0.9909276962280273,0.05950794368982315,0.0927630215883255,0.009251102805137634,0.21989278495311737,0.006006607320159674,0.11163999885320663,0.008847488090395927
829,-0.04758461192250252,0.9176486134529114,0.38309770822525024,0.10239596664905548,0.014010610058903694,0.22511430084705353,0.010478826239705086,0.10978977382183075,0.01814674399793148
830,-0.02422831952571869,0.9529809951782227,0.10794267058372498,0.11042158305644989,0.010523620061576366,0.22701232135295868,0.009011994116008282,0.1277855932712555,0.009986242279410362
831,-0.025991689413785934,0.9235203862190247,0.17603044211864471,0.09640194475650787,0.013116924092173576,0.21534235775470734,0.010959535837173462,0.11503835022449493,0.012713389471173286
832,-0.018431540578603745,0.9341551661491394,0.2277640998363495,0.09643284231424332,0.010893242433667183,0.20222854614257812,0.00951752346009016,0.11192116886377335,0.013013052754104137
833,0.007686660625040531,0.9508806467056274,0.06034763157367706,0.10444305092096329,0.006639965809881687,0.20737922191619873,0.007115323096513748,0.11423029750585556,0.009075815789401531
834,0.00021219812333583832,0.919823944568634,0.07755367457866669,0.09307367354631424,0.008591212332248688,0.21461763978004456,0.00856909342110157,0.11407558619976044,0.011960329487919807
835,-0.017326612025499344,0.9221141934394836,0.15564651787281036,0.09945651143789291,0.008719577454030514,0.2158477008342743,0.007746350951492786,0.11129461228847504,0.011637622490525246
836,-0.011724129319190979,0.9379083514213562,0.16394321620464325,0.08551746606826782,0.011905111372470856,0.21263769268989563,0.007583241909742355,0.10881266742944717,0.013166621327400208
837,-0.01679477095603943,0.9375985860824585,0.1522056609392166,0.08139429241418839,0.011819886974990368,0.2183956801891327,0.009009527042508125,0.11849262565374374,0.010758912190794945
838,-0.036819398403167725,0.8849883079528809,0.14927318692207336,0.08789534866809845,0.016299625858664513,0.21332640945911407,0.010872654616832733,0.11135141551494598,0.015450693666934967
839,-0.02454688958823681,0.8878540992736816,0.1500663012266159,0.09293746948242188,0.012219278141856194,0.2232385128736496,0.009086786769330502,0.11835666000843048,0.012603521347045898
840,-0.03572404384613037,0.8692384958267212,0.173562154173851,0.0721292719244957,0.014332021586596966,0.21346423029899597,0.009935799054801464,0.09695041179656982,0.016584184020757675
841,-0.0046762144193053246,0.9528467059135437,0.0986327975988388,0.07805968821048737,0.011149031110107899,0.22620567679405212,0.005350734107196331,0.10736022144556046,0.009661378338932991
842,-0.017284706234931946,0.9468103647232056,0.15595120191574097,0.10858776420354843,0.0071425228379666805,0.26392149925231934,0.004582880064845085,0.12111248821020126,0.012436697259545326
843,-0.04741235449910164,0.9009113311767578,0.24122704565525055,0.10683827102184296,0.009215536527335644,0.25943905115127563,0.007270897272974253,0.12099546194076538,0.014571895822882652
844,-0.011219076812267303,0.9133105278015137,0.10888829827308655,0.09062184393405914,0.014274408109486103,0.2544230818748474,0.006555312313139439,0.10710012912750244,0.016855183988809586
845,-0.024678897112607956,0.8986581563949585,0.08944534510374069,0.09067028760910034,0.012672153301537037,0.23978331685066223,0.009472360834479332,0.10287036746740341,0.013721279799938202
846,-0.026305165141820908,0.9233498573303223,0.1839035004377365,0.1030353531241417,0.008779081515967846,0.25258979201316833,0.005603661295026541,0.11176196485757828,0.011864164844155312
847,-0.026219060644507408,0.9059734344482422,0.18542705476284027,0.0944538339972496,0.01207229308784008,0.2573215067386627,0.005426372867077589,0.11064185202121735,0.013614433817565441
848,0.0032324581407010555,0.9430514574050903,0.07165461778640747,0.11401772499084473,0.00758391385897994,0.2790646553039551,0.004081364255398512,0.12764625251293182,0.0075907232239842415
849,-0.00923160556703806,0.9061970710754395,0.10268741101026535,0.10318867117166519,0.010713726282119751,0.26926150918006897,0.0053130560554564,0.11292103677988052,0.011131780222058296
850,-0.055716075003147125,0.8718315958976746,0.33304038643836975,0.10557939112186432,0.015924522653222084,0.26702314615249634,0.009922732599079609,0.11753767728805542,0.017197055742144585
851,0.001306662685237825,0.9339401125907898,0.050594836473464966,0.11437664180994034,0.00868169404566288,0.2812750041484833,0.004073364194482565,0.11899726092815399,0.008273824118077755
852,0.0014056123327463865,0.9464505314826965,0.06358569115400314,0.1214570552110672,0.006839198060333729,0.27790528535842896,0.004223466385155916,0.12313820421695709,0.009696134366095066
853,-0.03084433451294899,0.9177845120429993,0.1785319596529007,0.0997304692864418,0.014905679039657116,0.27785179018974304,0.005977105349302292,0.11548934131860733,0.01248765829950571
854,-0.029232973232865334,0.9607394933700562,0.1551881581544876,0.0998038798570633,0.009828045964241028,0.2685260772705078,0.004447530023753643,0.10964363813400269,0.012216126546263695
855,-0.01477398443967104,0.9396752119064331,0.22662782669067383,0.1036127582192421,0.010071629658341408,0.2755989134311676,0.006043320056051016,0.11122915893793106,0.013215014711022377
856,0.0029101548716425896,0.9466661214828491,0.08212805539369583,0.1166895180940628,0.00930161215364933,0.28625378012657166,0.005227324552834034,0.12087273597717285,0.009098395705223083
857,-0.01948689855635166,0.9163234829902649,0.13460184633731842,0.10422419011592865,0.014411765150725842,0.27656465768814087,0.008129479363560677,0.11587069183588028,0.01533462293446064
858,-0.011054115369915962,0.9523593187332153,0.14313285052776337,0.11981318891048431,0.01137543749064207,0.2896828055381775,0.005764962639659643,0.12321712076663971,0.014248186722397804
859,-0.018473291769623756,0.9887908697128296,0.11033417284488678,0.11344114691019058,0.009430515579879284,0.2760276198387146,0.006055151112377644,0.10945097357034683,0.010796167887747288
860,-0.027031194418668747,0.9721719622612,0.22709544003009796,0.115099236369133,0.009939735755324364,0.29206082224845886,0.004976133815944195,0.1256634145975113,0.012229129672050476
861,-0.02243409864604473,0.9715787172317505,0.1537467986345291,0.12511184811592102,0.00961813423782587,0.29983463883399963,0.005681863520294428,0.1330842673778534,0.012956483289599419
862,0.0028501020278781652,1.0049675703048706,0.0734163448214531,0.11115840822458267,0.009979935362935066,0.29046908020973206,0.005491605494171381,0.1185581311583519,0.010532763786613941
863,-0.009490666911005974,1.0219742059707642,0.18027089536190033,0.10945530235767365,0.010589448735117912,0.2747430205345154,0.005662196781486273,0.10220761597156525,0.012455878779292107
864,-0.017787393182516098,0.9944106340408325,0.15348652005195618,0.10863137245178223,0.01188474427908659,0.2809862494468689,0.006740386597812176,0.10814740508794785,0.015230299904942513
865,-0.02112218365073204,1.007636308670044,0.173821359872818,0.1102636307477951,0.013759741559624672,0.28432518243789673,0.00774811115115881,0.11633646488189697,0.014010807499289513
866,-0.02535056136548519,1.0460094213485718,0.1582469940185547,0.1210847944021225,0.013205965980887413,0.29496634006500244,0.006754005793482065,0.12150929123163223,0.012128175236284733
867,-0.0004104096442461014,1.0504138469696045,0.1322852224111557,0.12129755318164825,0.009534789249300957,0.31431907415390015,0.004080059006810188,0.12286078929901123,0.009497229009866714
868,-0.008552041836082935,1.0627868175506592,0.08557570725679398,0.12595340609550476,0.00919957272708416,0.3061482012271881,0.006120506674051285,0.12095918506383896,0.014563319273293018
869,-0.029992664232850075,1.0970393419265747,0.198550283908844,0.15082648396492004,0.010334981605410576,0.3227202296257019,0.005358881317079067,0.13600346446037292,0.017187414690852165
870,-0.006122459191828966,1.125840187072754,0.10973286628723145,0.13181757926940918,0.008652918972074986,0.3194132447242737,0.004120432771742344,0.1281951516866684,0.010980693623423576
871,-0.04331214353442192,1.0991036891937256,0.1642446517944336,0.12499098479747772,0.01605800911784172,0.3126668334007263,0.008765416219830513,0.12064782530069351,0.019703570753335953
872,-0.0062575191259384155,1.1670894622802734,0.12243430316448212,0.13336271047592163,0.009226566180586815,0.31590068340301514,0.005594685673713684,0.12371142208576202,0.011996446177363396
873,-0.007401184644550085,1.1772814989089966,0.12140854448080063,0.13648727536201477,0.009429250843822956,0.3340298533439636,0.004270854406058788,0.13516628742218018,0.011761920526623726
874,0.0017313320422545075,1.201080322265625,0.08928458392620087,0.14765718579292297,0.008146313950419426,0.34170714020729065,0.004309389740228653,0.14665566384792328,0.009938671253621578
875,-0.02542198821902275,1.2270671129226685,0.25211548805236816,0.1466420292854309,0.010876820422708988,0.33957046270370483,0.004998236428946257,0.13921785354614258,0.011410015635192394
876,-0.012355330400168896,1.2432973384857178,0.0957171618938446,0.1499057114124298,0.009502188302576542,0.3369387686252594,0.005290933884680271,0.13423055410385132,0.011280137114226818
877,-0.021324217319488525,1.2491285800933838,0.12377586215734482,0.1538296639919281,0.008663849905133247,0.35387498140335083,0.003681580303236842,0.14997278153896332,0.013115497305989265
878,-0.032906148582696915,1.249347448348999,0.1865638792514801,0.15072062611579895,0.01100101601332426,0.33742669224739075,0.0054329438135027885,0.13489525020122528,0.018693093210458755
879,-0.0063153780065476894,1.2936021089553833,0.10586123913526535,0.15309961140155792,0.009440148249268532,0.3451421856880188,0.004324113018810749,0.1459345519542694,0.008578410372138023
880,-0.007947803474962711,1.2906296253204346,0.11434146016836166,0.15251712501049042,0.008870406076312065,0.3502601087093353,0.003680818947032094,0.14175482094287872,0.008141259662806988
881,-0.005992851220071316,1.3021858930587769,0.10819454491138458,0.15060237050056458,0.012290042825043201,0.3421362340450287,0.0055132280103862286,0.1410546749830246,0.010247625410556793
882,-0.01685400679707527,1.3070433139801025,0.09815206378698349,0.15704771876335144,0.00828254409134388,0.3564859926700592,0.003798525081947446,0.1490464061498642,0.01206079963594675
883,-0.023530568927526474,1.329607605934143,0.17701654136180878,0.16417710483074188,0.00914782378822565,0.36048048734664917,0.004146411083638668,0.1500740945339203,0.01061861589550972
884,-0.008208371698856354,1.3301143646240234,0.13203953206539154,0.1494167149066925,0.009948265738785267,0.3492812216281891,0.004051798488944769,0.1383427083492279,0.014294041320681572
885,-0.023371651768684387,1.3299508094787598,0.2587176561355591,0.154256671667099,0.011307514272630215,0.358714759349823,0.00467564444988966,0.1404467225074768,0.014013859443366528
886,-0.02018165960907936,1.3894792795181274,0.11112050712108612,0.17788316309452057,0.008966830559074879,0.3690834641456604,0.0032645282335579395,0.14901325106620789,0.009138869121670723
887,-0.016506027430295944,1.4073764085769653,0.09962758421897888,0.16612911224365234,0.008606066927313805,0.3727542757987976,0.0031839939765632153,0.14303751289844513,0.010010420344769955
888,-0.008837716653943062,1.418472409248352,0.1401708424091339,0.1805332452058792,0.00956652034074068,0.3898395001888275,0.00307526090182364,0.15991058945655823,0.01105576753616333
889,-0.00677952915430069,1.4566572904586792,0.0855330303311348,0.18222859501838684,0.0078461654484272,0.39020249247550964,0.003266414161771536,0.14720556139945984,0.009131847880780697
890,-0.010226612910628319,1.444851279258728,0.0880705863237381,0.17380498349666595,0.011561970226466656,0.3829817771911621,0.004693605005741119,0.15257200598716736,0.012620331719517708
891,-0.07608194649219513,1.4015320539474487,0.36458155512809753,0.18543735146522522,0.01669001206755638,0.390002578496933,0.009306464344263077,0.15297429263591766,0.021734803915023804
892,-0.023131731897592545,1.4754486083984375,0.1432667225599289,0.17626366019248962,0.011191886849701405,0.3874270021915436,0.0050704022869467735,0.1416824609041214,0.0159763153642416
893,0.0051399036310613155,1.5234696865081787,0.07598867267370224,0.1879309117794037,0.00788421556353569,0.40810900926589966,0.003098600311204791,0.1598803699016571,0.007912540808320045
894,-0.010764424689114094,1.5163629055023193,0.08778241276741028,0.18756064772605896,0.010543939657509327,0.40752488374710083,0.00414302060380578,0.15524281561374664,0.011666222475469112
895,-0.037107694894075394,1.5169718265533447,0.22909557819366455,0.19014953076839447,0.014226680621504784,0.3997285068035126,0.007712461054325104,0.15208880603313446,0.015768244862556458
896,-0.013921436853706837,1.5901893377304077,0.15536972880363464,0.208363339304924,0.011489024385809898,0.4291686415672302,0.003593220841139555,0.16798706352710724,0.012267143465578556
897,-0.03180375322699547,1.6079078912734985,0.1828313171863556,0.21215462684631348,0.011377905495464802,0.42385333776474,0.005431250669062138,0.15457704663276672,0.015854474157094955
898,-0.036131180822849274,1.6532795429229736,0.33535119891166687,0.22039273381233215,0.012219322845339775,0.4341753125190735,0.004793751984834671,0.17398622632026672,0.013700065203011036
899,-0.04368498921394348,1.6818554401397705,0.22407861053943634,0.24493345618247986,0.008391013368964195,0.4358297288417816,0.004440846852958202,0.1752004325389862,0.012784468941390514
900,-0.019400490447878838,1.6902458667755127,0.10073024779558182,0.21375951170921326,0.010904510505497456,0.42836064100265503,0.0027453042566776276,0.155271977186203,0.011471451260149479
901,-0.037716012448072433,1.690274953842163,0.24953830242156982,0.22856983542442322,0.011802439577877522,0.4279557168483734,0.005003330763429403,0.17161151766777039,0.013567526824772358
902,-0.04211820289492607,1.6940959692001343,0.237647145986557,0.22166383266448975,0.01126729603856802,0.4222353994846344,0.004638187121599913,0.17367491126060486,0.01391125749796629
903,-0.002369821071624756,1.7423756122589111,0.06654771417379379,0.222059965133667,0.0077220844104886055,0.4266936182975769,0.002523635048419237,0.1757403016090393,0.009034152142703533
904,-0.02139301970601082,1.7082054615020752,0.21349096298217773,0.21526825428009033,0.00949930027127266,0.4206131100654602,0.003726419759914279,0.17418529093265533,0.01171303354203701
905,-0.01836138591170311,1.730417013168335,0.19905897974967957,0.20963314175605774,0.009229596704244614,0.4030965268611908,0.0038731128443032503,0.17099732160568237,0.01184779405593872
906,-0.011898446828126907,1.764839768409729,0.12839309871196747,0.21367037296295166,0.01055203191936016,0.3868957757949829,0.004314063582569361,0.16840139031410217,0.015128840692341328
907,-0.018573028966784477,1.7656913995742798,0.1771981120109558,0.2054467648267746,0.007846813648939133,0.38618379831314087,0.0037940279580652714,0.16194795072078705,0.01043771207332611
908,-0.02645273506641388,1.755576491355896,0.15223106741905212,0.1988379955291748,0.009421246126294136,0.3785882592201233,0.003821247722953558,0.16170276701450348,0.012458126060664654
909,-0.018909018486738205,1.7542272806167603,0.12472893297672272,0.20950870215892792,0.008349918760359287,0.3884808123111725,0.0034856912679970264,0.17460523545742035,0.014082181267440319
910,-0.012439651414752007,1.7334907054901123,0.18148010969161987,0.18475693464279175,0.01108406949788332,0.3698783814907074,0.004122243262827396,0.15960250794887543,0.014816837385296822
911,-0.06317184120416641,1.6796445846557617,0.3231011927127838,0.19093498587608337,0.014001858420670033,0.3462044596672058,0.010141723789274693,0.152994766831398,0.02524537406861782
912,-0.03633426874876022,1.7260488271713257,0.20589978992938995,0.18884865939617157,0.0130991879850626,0.3398081660270691,0.007129116449505091,0.15484173595905304,0.015940722078084946
913,0.00433866772800684,1.7565205097198486,0.0554724857211113,0.18678835034370422,0.0065340278670191765,0.36141711473464966,0.0031326126772910357,0.1649455726146698,0.011404307559132576
914,-0.025631379336118698,1.7525665760040283,0.2168535739183426,0.19241909682750702,0.010221362113952637,0.357207715511322,0.00413146847859025,0.16374745965003967,0.013538363389670849
915,-0.035129010677337646,1.7164764404296875,0.2110663652420044,0.20468191802501678,0.008167735300958157,0.35765600204467773,0.005057970993220806,0.16755381226539612,0.01696394383907318
916,0.009882302023470402,1.7344776391983032,0.06586544960737228,0.19820734858512878,0.006548584904521704,0.3435855805873871,0.004101844504475594,0.18178077042102814,0.009273244068026543
917,-0.0222834013402462,1.670474648475647,0.1554950624704361,0.17825719714164734,0.01026909239590168,0.32499268651008606,0.006060535553842783,0.15286308526992798,0.017177997156977654
918,-0.03725239261984825,1.6352651119232178,0.1923452764749527,0.17887017130851746,0.011586214415729046,0.3153841495513916,0.010596288368105888,0.14890463650226593,0.021072227507829666
919,-0.01947174035012722,1.650679349899292,0.1953314244747162,0.17286333441734314,0.009510916657745838,0.32266682386398315,0.005497287958860397,0.14460799098014832,0.018109818920493126
920,-0.006288132164627314,1.6578700542449951,0.08437409996986389,0.16936422884464264,0.007683082018047571,0.32008862495422363,0.004362173844128847,0.15061849355697632,0.013985484838485718
921,-0.030953994020819664,1.6370216608047485,0.19106486439704895,0.16722387075424194,0.011181416921317577,0.33099380135536194,0.00553417531773448,0.14894340932369232,0.016257869079709053
922,-0.03706621006131172,1.6494462490081787,0.24328333139419556,0.19250905513763428,0.010280557908117771,0.3290894627571106,0.006247056648135185,0.1475081741809845,0.018324043601751328
923,-0.00497252494096756,1.6632598638534546,0.06967730075120926,0.1780305802822113,0.007053720764815807,0.327605664730072,0.003334668232128024,0.15644168853759766,0.010377215221524239
924,-0.021190200001001358,1.6186167001724243,0.13316981494426727,0.17077556252479553,0.011324740014970303,0.3244178295135498,0.004774998873472214,0.147294282913208,0.019262012094259262
925,-0.022056832909584045,1.5938236713409424,0.13885903358459473,0.1658587008714676,0.010454853996634483,0.3171708583831787,0.0049212113954126835,0.14122165739536285,0.017902791500091553
926,-0.0207296721637249,1.6424319744110107,0.14493097364902496,0.18124493956565857,0.008781824260950089,0.32855159044265747,0.003895942820236087,0.15702123939990997,0.012835696339607239
927,-0.036869022995233536,1.6170734167099,0.2913740873336792,0.1779673546552658,0.008953496813774109,0.3291005492210388,0.004571822471916676,0.15364491939544678,0.013848555274307728
928,0.006634226534515619,1.6315237283706665,0.07215037196874619,0.1810080111026764,0.0076132118701934814,0.3344002366065979,0.00340159609913826,0.1557018756866455,0.010152564384043217
929,-0.021836210042238235,1.5838677883148193,0.12113017588853836,0.1851751059293747,0.009073448367416859,0.3295861780643463,0.005021399352699518,0.1650213748216629,0.013117624446749687
930,-0.01900235190987587,1.5838899612426758,0.13431333005428314,0.18693140149116516,0.007625425700098276,0.3289314806461334,0.004635423421859741,0.15406009554862976,0.013742792420089245
931,-0.011275609023869038,1.6054956912994385,0.10387396812438965,0.20557089149951935,0.005722663830965757,0.33605146408081055,0.0035708334762603045,0.16758587956428528,0.010067027062177658
932,-0.012132572010159492,1.5747454166412354,0.10266054421663284,0.1956537961959839,0.007407325319945812,0.3195148706436157,0.004422275815159082,0.15727676451206207,0.012152077630162239
933,-0.010781640186905861,1.5537135601043701,0.12199638038873672,0.19616203010082245,0.007232452742755413,0.3423003554344177,0.004610029980540276,0.16263794898986816,0.010511389933526516
934,0.002967649605125189,1.563039779663086,0.09705307334661484,0.19770829379558563,0.00872502289712429,0.33743348717689514,0.004256377927958965,0.17368797957897186,0.008961891755461693
935,-0.004537071101367474,1.5310208797454834,0.09010115265846252,0.1783040463924408,0.01044286135584116,0.34076976776123047,0.0037548155523836613,0.15770354866981506,0.011014489457011223
936,-0.013655556365847588,1.5414538383483887,0.12034748494625092,0.18948443233966827,0.008279608562588692,0.3258979916572571,0.00455887708812952,0.15653736889362335,0.00942402333021164
937,-0.026430994272232056,1.5623130798339844,0.19626888632774353,0.20121708512306213,0.00939494650810957,0.34357744455337524,0.00429231533780694,0.16713568568229675,0.01080670952796936
938,-0.03077351674437523,1.5272777080535889,0.1864369660615921,0.18863531947135925,0.00861506350338459,0.35026419162750244,0.004046349786221981,0.15636523067951202,0.014441892504692078
939,-0.026997694745659828,1.5422600507736206,0.19045251607894897,0.20348119735717773,0.009533463045954704,0.35002636909484863,0.004717606585472822,0.16387562453746796,0.014485311694443226
940,-0.013432702049612999,1.5456632375717163,0.12308762222528458,0.20068080723285675,0.008173047564923763,0.3539097309112549,0.004225740674883127,0.16686531901359558,0.010267511010169983
941,-0.022831609472632408,1.555121898651123,0.1728011667728424,0.19742707908153534,0.010104444809257984,0.3400039076805115,0.005951110739260912,0.15759500861167908,0.010930143296718597
942,-0.029480570927262306,1.5561244487762451,0.18877200782299042,0.20775070786476135,0.009280875325202942,0.3571230471134186,0.004640000872313976,0.1560254842042923,0.016848498955368996
943,0.004021347500383854,1.5855882167816162,0.05339053273200989,0.19996187090873718,0.006446167826652527,0.35000163316726685,0.0028020557947456837,0.14699988067150116,0.009425900876522064
944,-0.021195072680711746,1.5649745464324951,0.10515767335891724,0.20842012763023376,0.011053456924855709,0.3702043890953064,0.004320980049669743,0.1702389270067215,0.010416258126497269
945,-0.0008871175232343376,1.6325454711914062,0.06944376975297928,0.20211438834667206,0.008701838552951813,0.35626107454299927,0.0026367846876382828,0.14764824509620667,0.012725867331027985
946,-0.02224593609571457,1.6045925617218018,0.1898760199546814,0.2146194875240326,0.010608910582959652,0.3783005177974701,0.00348942494019866,0.1644182652235031,0.01410757564008236
947,-0.0025327312760055065,1.6860367059707642,0.07593061774969101,0.2224390059709549,0.006781715899705887,0.3802688717842102,0.0026716389693319798,0.16491760313510895,0.00973452441394329
948,-0.013853264041244984,1.7058435678482056,0.08996220678091049,0.23639445006847382,0.0072451429441571236,0.39770931005477905,0.0036918458063155413,0.1566087305545807,0.012724757194519043
949,-0.013540633022785187,1.7157100439071655,0.15424829721450806,0.21174044907093048,0.009402016177773476,0.4040324091911316,0.0037710112519562244,0.16558034718036652,0.010037901811301708
950,-0.03225536644458771,1.800134301185608,0.17880889773368835,0.22222784161567688,0.011587957851588726,0.4109784960746765,0.004798765294253826,0.1589546650648117,0.01088978722691536
951,-0.027524802833795547,1.8547509908676147,0.15414538979530334,0.2592777609825134,0.006115240044891834,0.43738847970962524,0.0028661154210567474,0.1615017205476761,0.010133979842066765
952,-0.00949179194867611,1.844351053237915,0.08860956132411957,0.2558518350124359,0.008886956609785557,0.4528379440307617,0.003906889818608761,0.17391030490398407,0.012281453236937523
953,-0.03692636638879776,1.856260895729065,0.3382379114627838,0.2490370273590088,0.011558162979781628,0.4565281867980957,0.0051002805121243,0.18627624213695526,0.009384004399180412
954,-0.022543761879205704,1.92659592628479,0.20933519303798676,0.2631288766860962,0.006801280193030834,0.4696733355522156,0.0034562363289296627,0.17880478501319885,0.010469373315572739
955,-0.01687842793762684,1.9613059759140015,0.1444339007139206,0.2651064097881317,0.007059683091938496,0.47214221954345703,0.0034664892591536045,0.1782916784286499,0.007938411086797714
956,-0.010640690103173256,1.9323205947875977,0.13945318758487701,0.25819316506385803,0.00853363610804081,0.47951358556747437,0.0040582469664514065,0.18040648102760315,0.009768148884177208
957,-0.05167469382286072,1.9465358257293701,0.29758554697036743,0.2632579207420349,0.010966382920742035,0.4670237898826599,0.006602227687835693,0.17629361152648926,0.013587752357125282
958,-0.05268187075853348,1.9546229839324951,0.2325565665960312,0.2543211579322815,0.012796415016055107,0.4622078835964203,0.006435166113078594,0.18021824955940247,0.01346348412334919
959,-0.02312687411904335,2.0316269397735596,0.13405241072177887,0.259056955575943,0.007717907428741455,0.47287434339523315,0.0034032724797725677,0.1800244301557541,0.008309818804264069
960,-0.004014505073428154,2.0366663932800293,0.08412201702594757,0.2555900514125824,0.00846556294709444,0.4795343279838562,0.0038291376549750566,0.19432945549488068,0.010730968788266182
961,-0.022611327469348907,2.0558459758758545,0.17703546583652496,0.24824818968772888,0.011249997653067112,0.4706130623817444,0.004293649457395077,0.1902993768453598,0.008485091850161552
962,-0.03560199216008186,2.093648672103882,0.177175834774971,0.25158223509788513,0.010767525061964989,0.48141127824783325,0.00440051406621933,0.1860545128583908,0.012265078723430634
963,-0.011853021569550037,2.1342010498046875,0.08590633422136307,0.25049519538879395,0.007116504944860935,0.48250871896743774,0.0024558233562856913,0.1832791268825531,0.007831893861293793
964,-0.01592455431818962,2.158486843109131,0.10627789050340652,0.2617529034614563,0.008218707516789436,0.48732271790504456,0.003562327940016985,0.19289551675319672,0.009667161852121353
965,-0.05549393221735954,2.1769378185272217,0.3478911519050598,0.2715708613395691,0.010225942358374596,0.4870970845222473,0.0052645402029156685,0.1895509660243988,0.015493121929466724
966,-0.03310025483369827,2.1942286491394043,0.2854401767253876,0.2596718668937683,0.012796183116734028,0.48365840315818787,0.0053239366970956326,0.1957172006368637,0.00881993118673563
967,-0.0216094721108675,2.205626964569092,0.12312448769807816,0.2474052608013153,0.011090164072811604,0.45428603887557983,0.005898504052311182,0.17962129414081573,0.012385291047394276
968,0.009349910542368889,2.2017273902893066,0.10214629024267197,0.24208411574363708,0.007106808014214039,0.43911615014076233,0.004357718862593174,0.18444502353668213,0.007992202416062355
969,-0.004007409326732159,2.2325849533081055,0.11023447662591934,0.2623900771141052,0.00939891580492258,0.4630667567253113,0.006675905082374811,0.2010720670223236,0.009378630667924881
970,-0.021525438874959946,2.2453036308288574,0.20216381549835205,0.24622003734111786,0.011595035903155804,0.44980889558792114,0.008313068188726902,0.1846548616886139,0.011508206836879253
971,-0.007632398046553135,2.2727413177490234,0.1216115802526474,0.26331809163093567,0.009224316105246544,0.4538835883140564,0.010090930387377739,0.1964663863182068,0.010409639216959476
972,-0.04775014519691467,2.2335546016693115,0.24475188553333282,0.2490416318178177,0.01527975033968687,0.43264737725257874,0.015664586797356606,0.18745069205760956,0.015557527542114258
973,-0.003422095673158765,2.341163158416748,0.09091318398714066,0.2773151099681854,0.006602139677852392,0.4782830774784088,0.008818679489195347,0.2051343470811844,0.009850827977061272
974,-0.029484262689948082,2.392563819885254,0.241846963763237,0.26117178797721863,0.009142898954451084,0.46010226011276245,0.009831894189119339,0.19080780446529388,0.010907730087637901
975,-0.04573671147227287,2.363089084625244,0.13472092151641846,0.27031031250953674,0.011930959299206734,0.4827130436897278,0.011203072033822536,0.18751190602779388,0.017434677109122276
976,-0.0048192935064435005,2.485851764678955,0.08154891431331635,0.2882544696331024,0.00679584126919508,0.5084320306777954,0.006894211284816265,0.20632867515087128,0.009992311708629131
977,-0.020479489117860794,2.5019354820251465,0.13318422436714172,0.28949275612831116,0.008079049177467823,0.5108989477157593,0.0075196982361376286,0.19783656299114227,0.014896010980010033
978,-0.03145158290863037,2.5285580158233643,0.22765563428401947,0.2936631739139557,0.012559051625430584,0.5251643061637878,0.007257854100316763,0.21530647575855255,0.015085038729012012
979,-0.04388334974646568,2.552685260772705,0.32317423820495605,0.28667986392974854,0.01063035149127245,0.5132743120193481,0.00956769473850727,0.19149285554885864,0.01484784483909607
980,-0.009533511474728584,2.638019561767578,0.17331840097904205,0.3115057945251465,0.009515858255326748,0.5336810350418091,0.005739567335695028,0.2154403030872345,0.01143337320536375
981,-0.036230962723493576,2.613414764404297,0.20647898316383362,0.30797049403190613,0.010536840185523033,0.5448010563850403,0.008027540519833565,0.2284398078918457,0.010903531685471535
982,-0.021408773958683014,2.653865337371826,0.2070186585187912,0.31990304589271545,0.010429730638861656,0.5567334890365601,0.006101834122091532,0.2236308753490448,0.012025468982756138
983,-0.0470915362238884,2.6346633434295654,0.14335034787654877,0.3031575083732605,0.014250094071030617,0.5408304333686829,0.007810632232576609,0.2113456279039383,0.012635958380997181
984,-0.09904807806015015,2.637835741043091,0.3982274532318115,0.3003513216972351,0.018107440322637558,0.5337327718734741,0.01185481995344162,0.20492832362651825,0.019316649064421654
985,-0.007943478412926197,2.691253900527954,0.10461758822202682,0.33318156003952026,0.007018600590527058,0.5856183171272278,0.0032055508345365524,0.2319442331790924,0.010187329724431038
986,-0.030129164457321167,2.696260690689087,0.1781950294971466,0.3262096047401428,0.007167141884565353,0.5675017237663269,0.004716210998594761,0.21538937091827393,0.013592517003417015
987,-0.005619565956294537,2.7017483711242676,0.09412331134080887,0.30845850706100464,0.010775895789265633,0.5517643690109253,0.0047474694438278675,0.20208053290843964,0.014505505561828613
988,-0.01713317260146141,2.7069485187530518,0.11690235137939453,0.3148554265499115,0.0097026526927948,0.5749930143356323,0.003196574281901121,0.20860886573791504,0.016218747943639755
989,-0.032899804413318634,2.688886880874634,0.21188175678253174,0.32113412022590637,0.011481349356472492,0.5681546330451965,0.0056682913564145565,0.2156132161617279,0.01749979518353939
990,-0.028920680284500122,2.6578500270843506,0.19599521160125732,0.3203006684780121,0.01094775553792715,0.5798629522323608,0.004215507302433252,0.22418168187141418,0.014070163480937481
991,-0.01206845324486494,2.7003488540649414,0.10364755243062973,0.3281107246875763,0.0098075270652771,0.5677875876426697,0.004740539938211441,0.21974191069602966,0.01416296698153019
992,-0.02583390846848488,2.6457619667053223,0.14682188630104065,0.3126823902130127,0.009414061903953552,0.5619591474533081,0.003534788265824318,0.21456611156463623,0.011922906152904034
993,-0.04215466231107712,2.617142915725708,0.18430308997631073,0.31917110085487366,0.013507616706192493,0.5530106425285339,0.006847182754427195,0.2300068587064743,0.012960630469024181
994,-0.026596982032060623,2.63889741897583,0.1580360382795334,0.317327618598938,0.010705928318202496,0.5422039031982422,0.004330561030656099,0.21765871345996857,0.011445807293057442
995,-0.01557218749076128,2.5868282318115234,0.18418167531490326,0.3090206980705261,0.009148826822638512,0.5272225737571716,0.0042595635168254375,0.2213209867477417,0.012286078184843063
996,-0.10857135057449341,2.503617525100708,0.8981819152832031,0.3008953034877777,0.01638110540807247,0.5131826400756836,0.010722853243350983,0.21177220344543457,0.024028167128562927
997,-0.028629625216126442,2.5214903354644775,0.17013591527938843,0.31500229239463806,0.009534110315144062,0.510677695274353,0.005700334906578064,0.22417838871479034,0.011590106412768364
998,-0.011745656840503216,2.4889421463012695,0.09285364300012589,0.27907317876815796,0.01070354413241148,0.46390533447265625,0.004639532417058945,0.20443399250507355,0.011737624183297157
999,-0.02173633500933647,2.45782732963562,0.1194162666797638,0.285226970911026,0.011621065437793732,0.445225328207016,0.00545387901365757,0.20740032196044922,0.011252257972955704
